NN3 Time Series #ID,Original M3 Time Series,Start Year,Start Month,Months per Year,Dataset,FIT_126,FIT_125,FIT_124,FIT_123,FIT_122,FIT_121,FIT_120,FIT_119,FIT_118,FIT_117,FIT_116,FIT_115,FIT_114,FIT_113,FIT_112,FIT_111,FIT_110,FIT_109,FIT_108,FIT_107,FIT_106,FIT_105,FIT_104,FIT_103,FIT_102,FIT_101,FIT_100,FIT_99,FIT_98,FIT_97,FIT_96,FIT_95,FIT_94,FIT_93,FIT_92,FIT_91,FIT_90,FIT_89,FIT_88,FIT_87,FIT_86,FIT_85,FIT_84,FIT_83,FIT_82,FIT_81,FIT_80,FIT_79,FIT_78,FIT_77,FIT_76,FIT_75,FIT_74,FIT_73,FIT_72,FIT_71,FIT_70,FIT_69,FIT_68,FIT_67,FIT_66,FIT_65,FIT_64,FIT_63,FIT_62,FIT_61,FIT_60,FIT_59,FIT_58,FIT_57,FIT_56,FIT_55,FIT_54,FIT_53,FIT_52,FIT_51,FIT_50,FIT_49,FIT_48,FIT_47,FIT_46,FIT_45,FIT_44,FIT_43,FIT_42,FIT_41,FIT_40,FIT_39,FIT_38,FIT_37,FIT_36,FIT_35,FIT_34,FIT_33,FIT_32,FIT_31,FIT_30,FIT_29,FIT_28,FIT_27,FIT_26,FIT_25,FIT_24,FIT_23,FIT_22,FIT_21,FIT_20,FIT_19,FIT_18,FIT_17,FIT_16,FIT_15,FIT_14,FIT_13,FIT_12,FIT_11,FIT_10,FIT_9,FIT_8,FIT_7,FIT_6,FIT_5,FIT_4,FIT_3,FIT_2,FIT_1,PRED_0,PRED_1,PRED_2,PRED_3,PRED_4,PRED_5,PRED_6,PRED_7,PRED_8,PRED_9,PRED_10,PRED_11,PRED_12,PRED_13,PRED_14,PRED_15,PRED_16,PRED_17
NN3-001,N1484MB083,1990,1,12 ,complete,,,,,,,,,,,,,,,,,,,,,,,,,,,,,,,,,,,,,,,,,,,,,,,,,,,,,,,,,,,,,,,,,,,,,,,,,,,,5520 ,3940 ,4490 ,5030 ,5660 ,4790 ,5520 ,5560 ,5200 ,6670 ,5900 ,5280 ,6490 ,5560 ,5090 ,7090 ,6570 ,5890 ,6640 ,6360 ,5640 ,6630 ,5330 ,5540 ,7100 ,5410 ,5800 ,6110 ,6870 ,6560 ,6120 ,6540 ,5810 ,6300 ,6270 ,6900 ,6310 ,5330 ,5700 ,6680 ,5510 ,6690 ,5870 ,7140 ,6680 ,6520 ,6020 ,6190 ,6690 ,6330 ,7620 ,5430 ,5410 ,6030 ,5740 ,6520 ,6080 ,5990 ,6750 ,6770 ,6320 ,5960 ,6190 ,5250 ,5910 ,6430 ,5950 ,5060 ,5400 
NN3-002,N1495MB094,1990,1,12 ,complete,,,,,,,,,,,,,,,,,,,,,,,,,,,,,,,,,,,,,,,,,,,,,,,,,,,,,,,,,,,,,,,,,,,,,,,,,,,,5080 ,3690 ,4260 ,3920 ,4290 ,3840 ,4830 ,4120 ,4530 ,4640 ,4510 ,4660 ,5340 ,3960 ,3680 ,4320 ,4420 ,4310 ,4410 ,4340 ,4010 ,4210 ,4330 ,4600 ,5140 ,4010 ,4440 ,4230 ,4160 ,4980 ,5130 ,4220 ,4520 ,4390 ,4420 ,5620 ,4510 ,4520 ,5120 ,4090 ,4000 ,4740 ,4360 ,3920 ,4610 ,4590 ,4140 ,5040 ,5860 ,4240 ,4230 ,4400 ,4200 ,4640 ,4250 ,4490 ,4660 ,4180 ,4660 ,4890 ,4930 ,4370 ,4590 ,4300 ,4600 ,4990 ,4440 ,4820 ,4330 
NN3-003,N1496MB095,1990,1,12 ,complete,,,,,,,,,,,,,,,,,,,,,,,,,,,,,,,,,,,,,,,,,,,,,,,,,,,,,,,,,,,,,,,,,,,,,,,,,,,,6320 ,4770 ,5740 ,5360 ,4990 ,5330 ,5210 ,5470 ,4740 ,6280 ,6200 ,5640 ,7160 ,5530 ,4890 ,5660 ,6430 ,5270 ,6240 ,5220 ,4660 ,6110 ,5240 ,6680 ,6210 ,5320 ,6160 ,5230 ,5770 ,6100 ,6090 ,5810 ,5470 ,5780 ,5570 ,6660 ,6030 ,5600 ,6870 ,5190 ,5060 ,6690 ,5560 ,5900 ,5610 ,5420 ,5300 ,7040 ,7840 ,6640 ,6090 ,5370 ,5510 ,5990 ,5240 ,5880 ,5620 ,5700 ,6120 ,6590 ,6350 ,5870 ,5770 ,4850 ,6770 ,6460 ,5650 ,6140 ,5450 
NN3-004,N1497MB096,1990,1,12 ,complete,,,,,,,,,,,,,,,,,,,,,,,,,,,,,,,,,,,,,,,,,,,,,,,,,,,,,,,,,,,,,,,,,,,,,,,,,,,,5500 ,3860 ,4880 ,4420 ,4900 ,4230 ,3970 ,4690 ,4190 ,4960 ,5590 ,5000 ,6030 ,4690 ,4090 ,5070 ,5050 ,4520 ,5070 ,4290 ,4400 ,5080 ,4180 ,5230 ,5200 ,3800 ,5010 ,4420 ,4810 ,4690 ,5390 ,4730 ,4770 ,4690 ,4450 ,5400 ,5590 ,4360 ,5370 ,4660 ,4450 ,4980 ,4590 ,4580 ,4290 ,4840 ,5100 ,6170 ,5990 ,4950 ,5310 ,4150 ,5010 ,4820 ,4170 ,4980 ,4670 ,4750 ,4770 ,5900 ,5320 ,4550 ,5160 ,4080 ,5070 ,4610 ,4650 ,5070 ,4670 
NN3-005,N1498MB097,1990,1,12 ,complete,,,,,,,,,,,,,,,,,,,,,,,,,,,,,,,,,,,,,,,,,,,,,,,,,,,,,,,,,,,,,,,,,,,,,,,,,,,,4670 ,3150 ,3770 ,3380 ,3930 ,3350 ,3610 ,3740 ,3590 ,3730 ,3850 ,4010 ,4790 ,3330 ,2940 ,4020 ,4010 ,3450 ,4080 ,3590 ,3500 ,3680 ,3750 ,4370 ,4180 ,3350 ,3780 ,3490 ,3520 ,3880 ,4430 ,3420 ,3750 ,4010 ,3940 ,4330 ,4160 ,3520 ,3710 ,3650 ,3460 ,3770 ,4140 ,3470 ,3730 ,3590 ,3970 ,4220 ,5050 ,4090 ,3630 ,3470 ,3350 ,3740 ,3370 ,3320 ,3750 ,3210 ,3870 ,4270 ,4200 ,3790 ,3920 ,3480 ,3160 ,4070 ,3420 ,3810 ,2950 
NN3-006,N1506MB105,1990,1,12 ,complete,,,,,,,,,,,,,,,,,,,,,,,,,,,,,,,,,,,,,,,,,,,,,,,,,,,,,,,,,,,,,,,,,,,,,,,,,,,,4540 ,4035 ,3725 ,3405 ,4195 ,3955 ,3840 ,3795 ,3495 ,4110 ,4005 ,3910 ,5355 ,3610 ,3395 ,4155 ,4345 ,3795 ,3960 ,3615 ,3755 ,3810 ,3570 ,4410 ,4345 ,3550 ,3685 ,3735 ,3905 ,4205 ,3770 ,3640 ,3995 ,3825 ,3885 ,4265 ,4265 ,3365 ,4515 ,3680 ,3405 ,4080 ,3575 ,3335 ,3795 ,3545 ,3900 ,4290 ,4640 ,4010 ,4025 ,3550 ,3600 ,4140 ,3635 ,4140 ,3860 ,3575 ,4070 ,4525 ,4590 ,3955 ,4050 ,3400 ,3955 ,4310 ,3905 ,4190 ,3945 
NN3-007,N1508MB107,1990,1,12 ,complete,,,,,,,,,,,,,,,,,,,,,,,,,,,,,,,,,,,,,,,,,,,,,,,,,,,,,,,,,,,,,,,,,,,,,,,,,,,,7700 ,5700 ,6850 ,5200 ,5750 ,4500 ,5650 ,4900 ,4950 ,5650 ,7200 ,5350 ,8300 ,5700 ,5650 ,5350 ,5950 ,4750 ,6500 ,5900 ,5400 ,5300 ,6000 ,6850 ,7000 ,5150 ,6700 ,4850 ,6000 ,5150 ,5850 ,5750 ,5300 ,6100 ,4400 ,6850 ,5450 ,6450 ,6950 ,3900 ,4450 ,5350 ,5050 ,4250 ,5150 ,4800 ,4200 ,6350 ,5900 ,5350 ,4800 ,4200 ,4300 ,4500 ,4950 ,4600 ,5400 ,4750 ,5550 ,4800 ,5900 ,5800 ,4950 ,4000 ,4000 ,4500 ,3850 ,4350 ,4100 
NN3-008,N1509MB108,1990,1,12 ,complete,,,,,,,,,,,,,,,,,,,,,,,,,,,,,,,,,,,,,,,,,,,,,,,,,,,,,,,,,,,,,,,,,,,,,,,,,,,,8300 ,7400 ,7800 ,9000 ,7200 ,6800 ,8300 ,5500 ,5400 ,7200 ,5000 ,6800 ,8400 ,7500 ,5500 ,5900 ,6100 ,6600 ,7200 ,6400 ,6300 ,5800 ,4600 ,6300 ,6600 ,5300 ,5300 ,6400 ,5300 ,5200 ,5600 ,5000 ,6800 ,4900 ,8000 ,5100 ,6500 ,8100 ,6700 ,6100 ,5000 ,6400 ,4500 ,4400 ,6400 ,4500 ,5200 ,6800 ,5300 ,5200 ,6500 ,4400 ,5200 ,4500 ,5500 ,3900 ,4000 ,4900 ,4400 ,5100 ,6200 ,6800 ,4800 ,3700 ,5100 ,5200 ,4300 ,5700 ,3200 
NN3-009,N1511MB110,1990,1,12 ,complete,,,,,,,,,,,,,,,,,,,,,,,,,,,,,,,,,,,,,,,,,,,,,,,,,,,,,,,,,,,,,,,,,,,,,,,,,,,,5400 ,5200 ,4650 ,3950 ,4650 ,4500 ,4100 ,5450 ,5100 ,5250 ,5150 ,4200 ,6050 ,4700 ,4300 ,3750 ,4050 ,4250 ,4250 ,4350 ,3800 ,4300 ,3600 ,4750 ,5500 ,4600 ,4350 ,4000 ,4300 ,4200 ,3750 ,4050 ,4200 ,4300 ,4150 ,5050 ,4600 ,3950 ,5000 ,3350 ,4000 ,5150 ,3700 ,2950 ,4450 ,3600 ,4000 ,5050 ,4850 ,3900 ,4300 ,3550 ,3000 ,3200 ,3600 ,4050 ,5200 ,4250 ,3950 ,4700 ,4300 ,3250 ,3900 ,3450 ,3700 ,3750 ,3200 ,3550 ,3700 
NN3-010,N1564MB163,1990,1,12 ,complete,,,,,,,,,,,,,,,,,,,,,,,,,,,,,,,,,,,,,,,,,,,,,,,,,,,,,,,,,,,,,,,,,,,,,,,,,,,,1880 ,1100 ,2160 ,1600 ,1900 ,1860 ,1780 ,2100 ,2940 ,2420 ,2660 ,1980 ,2520 ,2220 ,2920 ,2600 ,3300 ,2560 ,3160 ,2160 ,2160 ,2840 ,2400 ,3020 ,3580 ,2460 ,3060 ,2600 ,3740 ,3500 ,3000 ,2400 ,2440 ,2540 ,2420 ,2800 ,4360 ,2880 ,3340 ,2780 ,3120 ,2420 ,3260 ,3080 ,2860 ,3080 ,2680 ,3260 ,3380 ,3480 ,4680 ,3140 ,2780 ,3220 ,2840 ,3120 ,3460 ,4120 ,3380 ,4100 ,3820 ,3740 ,3640 ,2700 ,2960 ,3760 ,3340 ,2920 ,3240 
NN3-011,N1565MB164,1990,1,12 ,complete,,,,,,,,,,,,,,,,,,,,,,,,,,,,,,,,,,,,,,,,,,,,,,,,,,,,,,,,,,,,,,,,,,,,,,,,,,,,2940 ,2720 ,3620 ,2680 ,3460 ,2880 ,3140 ,4000 ,4360 ,4220 ,4300 ,3020 ,4840 ,4080 ,4280 ,5540 ,5100 ,3820 ,4980 ,4720 ,4780 ,5160 ,4740 ,5580 ,6500 ,4360 ,5600 ,4820 ,6340 ,5880 ,6320 ,5540 ,4440 ,4800 ,5320 ,6000 ,7040 ,5320 ,7240 ,5840 ,5660 ,5180 ,6600 ,6480 ,5860 ,6620 ,5560 ,5980 ,6740 ,5980 ,8940 ,5660 ,5660 ,7020 ,6940 ,7380 ,6280 ,7040 ,7540 ,8280 ,7060 ,6780 ,7880 ,5760 ,8020 ,7380 ,7120 ,7240 ,6760 
NN3-012,N1567MB166,1990,1,12 ,complete,,,,,,,,,,,,,,,,,,,,,,,,,,,,,,,,,,,,,,,,,,,,,,,,,,,,,,,,,,,,,,,,,,,,,,,,,,,,2300 ,2140 ,2760 ,1900 ,3140 ,2160 ,2060 ,3480 ,3340 ,3180 ,2800 ,2780 ,4180 ,2820 ,3500 ,3860 ,4040 ,2900 ,4400 ,3680 ,2960 ,4020 ,3360 ,3480 ,4820 ,3100 ,3200 ,3400 ,4320 ,4040 ,3600 ,3880 ,3140 ,3340 ,3540 ,4800 ,5400 ,3680 ,5860 ,4000 ,4380 ,4080 ,4780 ,4180 ,4060 ,4620 ,4320 ,4800 ,4760 ,4780 ,6260 ,4760 ,4160 ,5000 ,4940 ,5900 ,4700 ,5040 ,5820 ,6420 ,5660 ,5160 ,5400 ,4000 ,5560 ,5740 ,5540 ,4940 ,5600 
NN3-013,N1572MB171,1990,1,12 ,complete,,,,,,,,,,,,,,,,,,,,,,,,,,,,,,,,,,,,,,,,,,,,,,,,,,,,,,,,,,,,,,,,,,,,,,,,,,,,5760 ,4190 ,4910 ,4870 ,4750 ,4930 ,4910 ,4750 ,5020 ,6380 ,5910 ,5880 ,7400 ,5300 ,5500 ,6290 ,6530 ,5560 ,6560 ,6270 ,5410 ,6220 ,5700 ,6930 ,6890 ,5390 ,6790 ,5810 ,6130 ,6440 ,6660 ,6470 ,5860 ,5910 ,6240 ,7160 ,6450 ,5340 ,6750 ,6420 ,5670 ,6490 ,5690 ,6220 ,6060 ,6220 ,6610 ,7750 ,8580 ,6430 ,6980 ,6360 ,6520 ,7090 ,6140 ,6710 ,6680 ,6760 ,7390 ,8050 ,8040 ,6210 ,6700 ,6180 ,7240 ,6610 ,6830 ,7400 ,6550 
NN3-014,N1573MB172,1990,1,12 ,complete,,,,,,,,,,,,,,,,,,,,,,,,,,,,,,,,,,,,,,,,,,,,,,,,,,,,,,,,,,,,,,,,,,,,,,,,,,,,5520 ,3880 ,4840 ,4360 ,3800 ,4560 ,4560 ,5120 ,4320 ,5380 ,4860 ,4560 ,5820 ,4260 ,3720 ,4500 ,5200 ,4300 ,5460 ,4800 ,4500 ,4640 ,4600 ,5400 ,5220 ,3700 ,5180 ,4360 ,3920 ,4760 ,4600 ,4580 ,4300 ,4920 ,3940 ,5640 ,4800 ,4120 ,4940 ,4540 ,4100 ,4940 ,4660 ,4180 ,3960 ,4380 ,4480 ,5860 ,4760 ,4440 ,5020 ,4200 ,5380 ,4640 ,3680 ,4280 ,4240 ,4160 ,3960 ,4940 ,4740 ,4660 ,4060 ,4360 ,4580 ,3860 ,4460 ,4640 ,3660 
NN3-015,N1593MB192,1990,1,12 ,complete,,,,,,,,,,,,,,,,,,,,,,,,,,,,,,,,,,,,,,,,,,,,,,,,,,,,,,,,,,,,,,,,,,,,,,,,,,,,7778 ,4960 ,6152 ,6210 ,6516 ,5904 ,5554 ,6298 ,5466 ,6482 ,6134 ,5446 ,7620 ,5628 ,5042 ,6062 ,6150 ,5750 ,5896 ,5752 ,5118 ,6196 ,6134 ,6694 ,6688 ,5578 ,6518 ,5658 ,5614 ,6504 ,5504 ,5838 ,5970 ,6152 ,6030 ,6730 ,6366 ,5864 ,7614 ,5674 ,4928 ,6424 ,5750 ,5844 ,5854 ,6080 ,5876 ,6848 ,7502 ,6734 ,6440 ,5254 ,5896 ,5724 ,6178 ,7158 ,5950 ,6986 ,6730 ,6998 ,7324 ,6708 ,6134 ,5070 ,6500 ,6796 ,6024 ,6364 ,5840 
NN3-016,N1594MB193,1990,1,12 ,complete,,,,,,,,,,,,,,,,,,,,,,,,,,,,,,,,,,,,,,,,,,,,,,,,,,,,,,,,,,,,,,,,,,,,,,,,,,,,9520 ,5894 ,7400 ,7378 ,7112 ,7232 ,7702 ,7854 ,6324 ,8262 ,8248 ,7304 ,9692 ,7388 ,6290 ,7794 ,7586 ,7850 ,7634 ,7504 ,7094 ,8008 ,7514 ,8988 ,8674 ,7242 ,8520 ,6980 ,6596 ,8080 ,6778 ,7126 ,8284 ,7786 ,7702 ,9572 ,7466 ,6922 ,9002 ,7678 ,6358 ,8728 ,7140 ,6996 ,7316 ,7684 ,7614 ,8730 ,9310 ,7218 ,7800 ,6838 ,7404 ,8088 ,7428 ,7262 ,7562 ,7054 ,8552 ,8612 ,8882 ,7400 ,7112 ,6108 ,7182 ,8332 ,6824 ,7982 ,7812 
NN3-017,N1595MB194,1990,1,12 ,complete,,,,,,,,,,,,,,,,,,,,,,,,,,,,,,,,,,,,,,,,,,,,,,,,,,,,,,,,,,,,,,,,,,,,,,,,,,,,8372 ,5820 ,7124 ,6218 ,7464 ,7200 ,7022 ,7198 ,6694 ,7812 ,8120 ,7192 ,9026 ,6780 ,6432 ,7140 ,7774 ,7784 ,7574 ,6468 ,7130 ,7468 ,7328 ,8080 ,7858 ,5472 ,7584 ,6048 ,7120 ,6906 ,7234 ,6682 ,7900 ,6582 ,7976 ,7358 ,7494 ,6406 ,8642 ,6854 ,5966 ,7560 ,7168 ,6196 ,7302 ,6780 ,7132 ,7446 ,8922 ,7076 ,7630 ,6100 ,6642 ,7222 ,6450 ,6802 ,7472 ,6448 ,7000 ,7348 ,8100 ,6048 ,6668 ,5876 ,6134 ,6864 ,6300 ,7920 ,6784 
NN3-018,N1596MB195,1990,1,12 ,complete,,,,,,,,,,,,,,,,,,,,,,,,,,,,,,,,,,,,,,,,,,,,,,,,,,,,,,,,,,,,,,,,,,,,,,,,,,,,5548 ,3436 ,4486 ,4188 ,4142 ,3866 ,4582 ,4506 ,4180 ,4514 ,4150 ,4240 ,5800 ,4008 ,3608 ,4432 ,4240 ,4576 ,4320 ,3490 ,3854 ,3808 ,4396 ,4038 ,5000 ,3248 ,4694 ,3390 ,3568 ,3882 ,3558 ,3924 ,4576 ,4014 ,4140 ,4192 ,3988 ,3748 ,5328 ,3990 ,3046 ,4478 ,4082 ,3274 ,3894 ,3582 ,3916 ,4210 ,4804 ,3816 ,4060 ,3836 ,3790 ,3488 ,3608 ,3816 ,3778 ,4250 ,3776 ,4468 ,4106 ,3678 ,3868 ,3432 ,3382 ,4118 ,3652 ,3856 ,3334 
NN3-019,N1647MB246,1990,1,12 ,complete,,,,,,,,,,,,,,,,,,,,,,,,,,,,,,,,,,,,,,,,,,,,,,,,,,,,,,,,,,,,,,,,,,,,,,,,,,,,5100 ,5750 ,6950 ,3700 ,6050 ,5200 ,5050 ,4400 ,3250 ,3950 ,4150 ,6550 ,6550 ,7000 ,5350 ,5150 ,4400 ,3500 ,3300 ,3800 ,4050 ,5900 ,3650 ,5600 ,6650 ,4750 ,4100 ,5700 ,4900 ,3500 ,3350 ,3250 ,4900 ,5550 ,4000 ,5100 ,5300 ,3450 ,3850 ,4550 ,4650 ,4900 ,3800 ,3050 ,4250 ,5500 ,3550 ,3800 ,4350 ,2600 ,4750 ,3100 ,3100 ,2550 ,3100 ,2900 ,4450 ,2300 ,2900 ,3100 ,3600 ,2450 ,3600 ,2750 ,2250 ,1900 ,4050 ,1650 ,1350 
NN3-020,N1648MB247,1990,1,12 ,complete,,,,,,,,,,,,,,,,,,,,,,,,,,,,,,,,,,,,,,,,,,,,,,,,,,,,,,,,,,,,,,,,,,,,,,,,,,,,9290 ,6160 ,8320 ,8310 ,6750 ,8710 ,6300 ,5710 ,5740 ,6710 ,7310 ,7240 ,8650 ,8330 ,7810 ,8260 ,6680 ,5580 ,6340 ,4490 ,5000 ,7030 ,6100 ,9740 ,7940 ,7740 ,7820 ,7820 ,5380 ,7070 ,6970 ,4080 ,4930 ,4820 ,6220 ,6360 ,7630 ,5130 ,6960 ,5350 ,6290 ,4630 ,5130 ,3620 ,3980 ,3120 ,4310 ,4250 ,5730 ,3630 ,5680 ,3440 ,3610 ,3390 ,2880 ,3540 ,3820 ,3940 ,4660 ,3480 ,4340 ,3700 ,4630 ,3230 ,4180 ,3920 ,4360 ,2910 ,2910 
NN3-021,N1650MB249,1990,1,12 ,complete,,,,,,,,,,,,,,,,,,,,,,,,,,,,,,,,,,,,,,,,,,,,,,,,,,,,,,,,,,,,,,,,,,,,,,,,,,,,4190 ,6185 ,6820 ,5950 ,5885 ,6020 ,4470 ,5885 ,4885 ,7200 ,5460 ,5925 ,7170 ,8030 ,5905 ,6940 ,7045 ,5000 ,5875 ,5625 ,5165 ,7015 ,5990 ,7905 ,7980 ,6460 ,9300 ,7145 ,5355 ,5765 ,6305 ,4985 ,5055 ,6145 ,6615 ,6935 ,6550 ,6560 ,7260 ,6030 ,5130 ,5580 ,4760 ,4295 ,4940 ,4505 ,4545 ,6065 ,6010 ,4665 ,6280 ,5110 ,4790 ,4245 ,3940 ,3580 ,4500 ,3815 ,4970 ,4795 ,5030 ,4035 ,4480 ,3945 ,4255 ,4190 ,3110 ,4240 ,2970 
NN3-022,N1411MB010,1990,1,12 ,complete,,,,,,,,,,,,,,,,,,,,,,,,,,,,,,,,,,,,,,,,,,,,,,,,,,,,,,,,,,,,,,,,,,,,,,,,,,,,,4120 ,5020 ,3840 ,5720 ,4960 ,1960 ,3780 ,3620 ,6700 ,3780 ,5340 ,3280 ,4980 ,6220 ,5400 ,5180 ,5280 ,4460 ,2180 ,2560 ,5280 ,4480 ,5820 ,5720 ,8340 ,7080 ,4160 ,2460 ,3440 ,3120 ,3240 ,3560 ,3260 ,4780 ,6400 ,3880 ,5080 ,4760 ,4460 ,7580 ,5740 ,1780 ,1480 ,4600 ,5440 ,5260 ,5060 ,3460 ,6260 ,6140 ,4380 ,5080 ,4740 ,3800 ,5060 ,4260 ,4540 ,2900 ,4500 ,3540 ,3840 ,4080 ,3620 ,3820 ,4880 ,2800 ,3640 ,4100 
NN3-023,N1652MB251,1990,1,12 ,complete,,,,,,,,,,,,,,,,,,,,,,,,,,,,,,,,,,,,,,,,,,,,,,,,,,,,,,,,,,,,,,,,,,,,,,,,,,,,5125 ,3990 ,4545 ,3330 ,3805 ,3475 ,3700 ,3940 ,3090 ,4200 ,4120 ,4525 ,4705 ,4920 ,5940 ,4305 ,4295 ,3290 ,3415 ,3045 ,3390 ,3715 ,3100 ,4715 ,5110 ,3825 ,5105 ,3985 ,3265 ,3620 ,3425 ,3220 ,3310 ,3600 ,3730 ,3895 ,4040 ,3900 ,3945 ,2845 ,2915 ,2940 ,3085 ,2640 ,3435 ,2815 ,3035 ,3570 ,2935 ,3115 ,3540 ,2930 ,3030 ,2570 ,2385 ,3070 ,2915 ,3085 ,2705 ,2980 ,3200 ,3300 ,2930 ,2685 ,2900 ,3165 ,1565 ,3155 ,2170 
NN3-024,N1671MB270,1990,1,12 ,complete,,,,,,,,,,,,,,,,,,,,,,,,,,,,,,,,,,,,,,,,,,,,,,,,,,,,,,,,,,,,,,,,,,,,,,,,,,,,9000 ,6600 ,8100 ,7000 ,7700 ,5100 ,4900 ,5600 ,7100 ,10300 ,8600 ,4300 ,8800 ,6800 ,5700 ,6500 ,9900 ,5600 ,7100 ,5800 ,5300 ,10200 ,7500 ,5300 ,7400 ,5300 ,7300 ,6300 ,8100 ,4900 ,7500 ,5700 ,7000 ,11000 ,7400 ,8900 ,9300 ,7900 ,9400 ,10200 ,10100 ,8700 ,7500 ,7300 ,10700 ,10600 ,11100 ,8000 ,9000 ,7300 ,10400 ,9200 ,11800 ,10400 ,8000 ,10900 ,10800 ,9600 ,7700 ,10900 ,8700 ,7900 ,11200 ,7500 ,8700 ,6600 ,6900 ,8500 ,8700 
NN3-025,N1632MB231,1990,1,12 ,complete,,,,,,,,,,,,,,,,,,,,,,,,,,,,,,,,,,,,,,,,,,,,,,,,,,,,,,,,,,,,,,,,,,,,,,,,,,,,1500 ,6300 ,3000 ,6000 ,1200 ,3000 ,5400 ,3300 ,4800 ,5100 ,2700 ,3600 ,4800 ,1500 ,900 ,600 ,5400 ,2400 ,600 ,1200 ,3300 ,2400 ,6900 ,5400 ,2100 ,10500 ,1800 ,1500 ,2400 ,8400 ,2100 ,4800 ,2700 ,4800 ,3900 ,3300 ,900 ,600 ,3300 ,5100 ,1200 ,3600 ,4800 ,900 ,2400 ,4500 ,3000 ,3600 ,4200 ,3600 ,300 ,3300 ,4500 ,2100 ,3300 ,1800 ,1500 ,3600 ,1500 ,3300 ,3950 ,1200 ,2100 ,4500 ,3300 ,900 ,5400 ,1200 ,600 
NN3-026,N1458MB057,1990,1,12 ,complete,,,,,,,,,,,,,,,,,,,,,,,,,,,,,,,,,,,,,,,,,,,,,,,,,,,,,,,,,,,,,,,,,,,,,,,,,,,,6800 ,4200 ,4100 ,4250 ,4200 ,4200 ,3750 ,3000 ,2150 ,3500 ,2000 ,3750 ,4550 ,5950 ,5000 ,2500 ,3150 ,4250 ,3750 ,4500 ,6250 ,5050 ,3050 ,3050 ,5100 ,2900 ,4750 ,2250 ,2500 ,5250 ,1500 ,4600 ,1750 ,4650 ,4900 ,2400 ,3900 ,1600 ,2350 ,4750 ,3000 ,2950 ,4000 ,4050 ,3700 ,2800 ,1100 ,3900 ,1850 ,3800 ,4150 ,2900 ,3100 ,1850 ,3300 ,2900 ,5900 ,2450 ,2700 ,2850 ,3600 ,2100 ,3850 ,4000 ,3450 ,5450 ,6650 ,3050 ,3650 
NN3-027,N1463MB062,1990,1,12 ,complete,,,,,,,,,,,,,,,,,,,,,,,,,,,,,,,,,,,,,,,,,,,,,,,,,,,,,,,,,,,,,,,,,,,,,,,,,,,,6685 ,4885 ,4100 ,5010 ,6210 ,6360 ,5655 ,4455 ,4195 ,5900 ,5185 ,6605 ,4380 ,6185 ,3445 ,3445 ,3620 ,3865 ,6050 ,4960 ,3615 ,4080 ,3970 ,4065 ,4790 ,4055 ,3665 ,3125 ,3365 ,4930 ,2905 ,4325 ,4820 ,4725 ,4925 ,3610 ,5045 ,1850 ,3685 ,3800 ,4330 ,4290 ,3410 ,3240 ,3595 ,2840 ,4410 ,3650 ,2565 ,5240 ,4350 ,3805 ,4340 ,3370 ,4245 ,4350 ,3025 ,3020 ,4250 ,4085 ,5355 ,4165 ,4170 ,3540 ,4775 ,6285 ,3580 ,3135 ,4280 
NN3-028,N1472MB071,1990,1,12 ,complete,,,,,,,,,,,,,,,,,,,,,,,,,,,,,,,,,,,,,,,,,,,,,,,,,,,,,,,,,,,,,,,,,,,,,,,,,,,,7552 ,6052 ,6074 ,6160 ,5912 ,5798 ,5862 ,5232 ,5474 ,6570 ,7202 ,5522 ,7654 ,5198 ,5294 ,6588 ,6408 ,5106 ,6294 ,5898 ,5884 ,6066 ,6174 ,6542 ,6476 ,5808 ,6748 ,5628 ,6008 ,6978 ,6194 ,6672 ,5768 ,7158 ,6086 ,6438 ,6546 ,5256 ,7364 ,6678 ,5758 ,6878 ,6084 ,5802 ,6190 ,5798 ,6178 ,6776 ,7912 ,7452 ,6826 ,5798 ,6438 ,7096 ,5576 ,6544 ,6946 ,6476 ,6210 ,6848 ,7814 ,6588 ,6462 ,5264 ,6752 ,6704 ,6710 ,7204 ,6102 
NN3-029,N1474MB073,1990,1,12 ,complete,,,,,,,,,,,,,,,,,,,,,,,,,,,,,,,,,,,,,,,,,,,,,,,,,,,,,,,,,,,,,,,,,,,,,,,,,,,,4550 ,3200 ,3800 ,6500 ,5050 ,7400 ,3100 ,2500 ,2850 ,3300 ,3950 ,2600 ,6400 ,4500 ,1700 ,7200 ,2550 ,4100 ,4800 ,3300 ,4100 ,3900 ,5000 ,4100 ,3950 ,3300 ,3100 ,2900 ,6000 ,6350 ,6200 ,3050 ,3250 ,3050 ,3550 ,5450 ,2000 ,3500 ,4800 ,3400 ,4800 ,6300 ,5800 ,4700 ,5200 ,3000 ,5500 ,4400 ,4900 ,3600 ,3300 ,4300 ,4000 ,4500 ,2800 ,4400 ,4300 ,3700 ,2500 ,4000 ,3200 ,3100 ,1100 ,2300 ,5000 ,1800 ,4250 ,2600 ,2200 
NN3-030,N1477MB076,1990,1,12 ,complete,,,,,,,,,,,,,,,,,,,,,,,,,,,,,,,,,,,,,,,,,,,,,,,,,,,,,,,,,,,,,,,,,,,,,,,,,,,,6300 ,6012 ,6740 ,6058 ,6684 ,5692 ,5472 ,6662 ,5424 ,7192 ,7214 ,6444 ,7886 ,7056 ,7212 ,7344 ,6504 ,6504 ,6362 ,6080 ,5842 ,8282 ,6372 ,7222 ,7860 ,7000 ,7644 ,7056 ,6600 ,6972 ,6984 ,5892 ,7284 ,6174 ,6730 ,7452 ,7296 ,7032 ,7440 ,7648 ,7644 ,6840 ,6252 ,6468 ,6492 ,5688 ,6960 ,8112 ,7418 ,7572 ,8248 ,6992 ,7320 ,6744 ,6336 ,6252 ,6720 ,7020 ,6900 ,8090 ,7696 ,7872 ,8698 ,7298 ,7572 ,8604 ,7656 ,7716 ,7044 
NN3-031,N1403MB002,1990,1,12 ,complete,,,,,,,,,,,,,,,,,,,,,,,,,,,,,,,,,,,,,,,,,,,,,,,,,,,,,,,,,,,,,,,,,,,,,,,,,,,,1680 ,1920 ,120 ,1080 ,840 ,1440 ,480 ,720 ,4080 ,1560 ,480 ,720 ,6120 ,2040 ,3960 ,2160 ,120 ,1200 ,1080 ,1080 ,1080 ,2160 ,240 ,1440 ,1200 ,1560 ,2520 ,600 ,1560 ,3240 ,7440 ,480 ,2640 ,960 ,3120 ,1200 ,960 ,480 ,600 ,120 ,2640 ,720 ,600 ,840 ,1320 ,2160 ,1200 ,1800 ,1320 ,600 ,1440 ,840 ,1440 ,1560 ,1080 ,360 ,960 ,1320 ,1080 ,1680 ,1080 ,840 ,840 ,600 ,1320 ,1320 ,2280 ,1440 ,
NN3-032,N1440MB039,1990,1,12 ,complete,,,,,,,,,,,,,,,,,,,,,,,,,,,,,,,,,,,,,,,,,,,,,,,,,,,,,,,,,,,,,,,,,,,,,,,,,,,,7740 ,4940 ,4140 ,6400 ,5880 ,5280 ,5060 ,3620 ,3920 ,6480 ,4340 ,5400 ,6400 ,5320 ,3340 ,7120 ,6380 ,4420 ,4820 ,8160 ,5520 ,6640 ,5600 ,4220 ,8120 ,4480 ,4860 ,4740 ,6880 ,4520 ,6620 ,6300 ,6040 ,5460 ,2860 ,6120 ,4720 ,3180 ,5160 ,6020 ,3340 ,6580 ,7220 ,5700 ,4180 ,5020 ,5360 ,5640 ,4140 ,4560 ,5700 ,3900 ,5720 ,4320 ,3780 ,4520 ,7360 ,4940 ,4300 ,7000 ,5420 ,5280 ,5260 ,4280 ,4960 ,5420 ,5600 ,6000 ,4060 
NN3-033,N1447MB046,1990,1,12 ,complete,,,,,,,,,,,,,,,,,,,,,,,,,,,,,,,,,,,,,,,,,,,,,,,,,,,,,,,,,,,,,,,,,,,,,,,,,,,,5430 ,4365 ,3165 ,5255 ,4650 ,4345 ,4965 ,3780 ,3090 ,4955 ,3815 ,4840 ,4650 ,5000 ,2810 ,5260 ,4180 ,4860 ,5370 ,5275 ,4220 ,6365 ,3520 ,6180 ,6025 ,4070 ,6280 ,4600 ,5660 ,4625 ,4665 ,5040 ,4340 ,4825 ,3955 ,4515 ,5415 ,3135 ,5695 ,4930 ,3545 ,3830 ,6220 ,3855 ,4170 ,5140 ,3390 ,5185 ,4190 ,3415 ,5310 ,3810 ,5660 ,4315 ,3680 ,4075 ,4120 ,4160 ,3280 ,3805 ,4860 ,4275 ,5445 ,4620 ,4225 ,5320 ,3695 ,4630 ,5775 
NN3-034,N1499MB098,1990,1,12 ,complete,,,,,,,,,,,,,,,,,,,,,,,,,,,,,,,,,,,,,,,,,,,,,,,,,,,,,,,,,,,,,,,,,,,,,,,,,,,,5700 ,4080 ,4660 ,4240 ,4160 ,3540 ,4600 ,4400 ,4600 ,4980 ,4620 ,4620 ,5960 ,4980 ,4540 ,4100 ,5040 ,4520 ,5260 ,4440 ,3520 ,5000 ,3620 ,5160 ,5180 ,3680 ,4800 ,4580 ,4400 ,4700 ,4800 ,3620 ,4420 ,4620 ,4340 ,4880 ,4420 ,3980 ,4800 ,4520 ,3740 ,4620 ,4840 ,4760 ,3940 ,4240 ,3600 ,5540 ,5500 ,4780 ,3980 ,3560 ,4200 ,4200 ,3160 ,4060 ,4800 ,4380 ,4100 ,4940 ,4420 ,3860 ,4000 ,3540 ,4480 ,4760 ,4240 ,4540 ,3620 
NN3-035,N1500MB099,1990,1,12 ,complete,,,,,,,,,,,,,,,,,,,,,,,,,,,,,,,,,,,,,,,,,,,,,,,,,,,,,,,,,,,,,,,,,,,,,,,,,,,,3700 ,2460 ,3320 ,2480 ,3200 ,2980 ,3880 ,3320 ,3420 ,3780 ,4080 ,3160 ,3440 ,3760 ,3020 ,2740 ,3800 ,3340 ,3920 ,2700 ,2460 ,2880 ,3120 ,3980 ,3300 ,2740 ,3200 ,2540 ,3200 ,2780 ,2600 ,3020 ,2280 ,2720 ,2680 ,3060 ,3040 ,2440 ,3380 ,2500 ,2540 ,3060 ,2560 ,2860 ,3320 ,2920 ,2560 ,3560 ,3760 ,3140 ,2700 ,2400 ,2720 ,2840 ,2220 ,2320 ,2860 ,2980 ,2840 ,3000 ,3520 ,2780 ,3140 ,2480 ,2720 ,3040 ,2540 ,2660 ,2340 
NN3-036,N1507MB106,1990,1,12 ,complete,,,,,,,,,,,,,,,,,,,,,,,,,,,,,,,,,,,,,,,,,,,,,,,,,,,,,,,,,,,,,,,,,,,,,,,,,,,,6500 ,5200 ,5160 ,5120 ,5300 ,4820 ,5800 ,5180 ,4140 ,4920 ,5680 ,5700 ,6800 ,4500 ,4280 ,5500 ,5620 ,4500 ,5260 ,4500 ,5380 ,4500 ,4640 ,5880 ,5400 ,4840 ,6120 ,4540 ,5000 ,5240 ,4780 ,5060 ,4780 ,5120 ,5320 ,5140 ,5160 ,4480 ,6220 ,4060 ,4560 ,4740 ,4500 ,4540 ,4440 ,4240 ,4780 ,6240 ,6280 ,4820 ,4840 ,3620 ,4300 ,4580 ,4340 ,5200 ,4980 ,4600 ,4860 ,5340 ,5840 ,5060 ,5380 ,4520 ,4780 ,5040 ,4860 ,5460 ,4700 
NN3-037,N1513MB112,1990,1,12 ,complete,,,,,,,,,,,,,,,,,,,,,,,,,,,,,,,,,,,,,,,,,,,,,,,,,,,,,,,,,,,,,,,,,,,,,,,,,,,,6950 ,6650 ,6900 ,6250 ,6900 ,4950 ,6950 ,7300 ,5400 ,7600 ,7000 ,7600 ,7100 ,5850 ,5950 ,7850 ,7050 ,6300 ,7950 ,7300 ,7450 ,6050 ,6400 ,7200 ,8800 ,7450 ,7900 ,7900 ,7050 ,7300 ,6150 ,5050 ,7150 ,7800 ,6900 ,9700 ,7600 ,7850 ,9100 ,5200 ,6050 ,8700 ,7400 ,7100 ,7600 ,7050 ,7550 ,9200 ,7450 ,5600 ,8750 ,5750 ,5850 ,7150 ,6350 ,6750 ,7650 ,5950 ,7050 ,6900 ,8350 ,6800 ,6600 ,6050 ,7350 ,7350 ,6550 ,6650 ,5500 
NN3-038,N1537MB136,1990,1,12 ,complete,,,,,,,,,,,,,,,,,,,,,,,,,,,,,,,,,,,,,,,,,,,,,,,,,,,,,,,,,,,,,,,,,,,,,,,,,,,,3980 ,2870 ,2010 ,2800 ,3060 ,2670 ,2590 ,3660 ,2480 ,3460 ,2530 ,2430 ,3660 ,2550 ,1770 ,4410 ,5390 ,4840 ,4290 ,6390 ,4420 ,6370 ,4050 ,4170 ,4760 ,3710 ,5130 ,4730 ,4390 ,6070 ,5510 ,4240 ,4160 ,4040 ,3780 ,4200 ,5170 ,3200 ,3670 ,3890 ,2910 ,4450 ,3900 ,4550 ,3660 ,4200 ,5400 ,3800 ,4440 ,3720 ,3470 ,4130 ,3640 ,5300 ,3780 ,3910 ,3390 ,4520 ,2970 ,3250 ,5520 ,5090 ,6190 ,3610 ,4410 ,4970 ,5080 ,4290 ,4470 
NN3-039,N1545MB144,1990,1,12 ,complete,,,,,,,,,,,,,,,,,,,,,,,,,,,,,,,,,,,,,,,,,,,,,,,,,,,,,,,,,,,,,,,,,,,,,,,,,,,,4600 ,3880 ,4240 ,3220 ,4320 ,4680 ,3640 ,4900 ,4840 ,4320 ,4720 ,3980 ,5440 ,4240 ,4140 ,4620 ,4420 ,4160 ,5120 ,5260 ,3980 ,4980 ,3940 ,4040 ,5500 ,3880 ,3860 ,4680 ,5500 ,4300 ,4480 ,4720 ,3660 ,5000 ,3940 ,3900 ,3720 ,3640 ,4440 ,4400 ,4380 ,4800 ,4640 ,4200 ,4160 ,4420 ,4360 ,4260 ,3800 ,3620 ,4800 ,3640 ,4220 ,4220 ,4200 ,4640 ,4460 ,3860 ,4020 ,3940 ,3800 ,3580 ,3700 ,4060 ,3900 ,3920 ,3780 ,3040 ,3180 
NN3-040,N1613MB212,1990,1,12 ,complete,,,,,,,,,,,,,,,,,,,,,,,,,,,,,,,,,,,,,,,,,,,,,,,,,,,,,,,,,,,,,,,,,,,,,,,,,,,,2832 ,3624 ,3528 ,3168 ,3360 ,3180 ,4272 ,3144 ,4140 ,3948 ,3732 ,2748 ,3996 ,2796 ,3096 ,4176 ,3396 ,3324 ,3840 ,3336 ,3768 ,3516 ,4056 ,3480 ,3384 ,3996 ,3724 ,3036 ,2988 ,3960 ,4692 ,3492 ,3096 ,3648 ,3288 ,3660 ,3576 ,2880 ,3288 ,3612 ,3456 ,3444 ,3624 ,4116 ,3336 ,3218 ,3120 ,2892 ,3648 ,2688 ,3420 ,3408 ,3156 ,3828 ,2846 ,3060 ,2964 ,2712 ,3468 ,3132 ,3336 ,3012 ,3132 ,2880 ,3744 ,2544 ,3120 ,3264 ,2616 
NN3-041,N1618MB217,1990,1,12 ,complete,,,,,,,,,,,,,,,,,,,,,,,,,,,,,,,,,,,,,,,,,,,,,,,,,,,,,,,,,,,,,,,,,,,,,,,,,,,,6120 ,3810 ,3900 ,4500 ,4970 ,5580 ,5250 ,4890 ,6360 ,4350 ,5070 ,4000 ,5550 ,3270 ,4950 ,5100 ,5790 ,3750 ,5370 ,5940 ,3540 ,3630 ,4530 ,5220 ,4440 ,3690 ,6420 ,4320 ,4680 ,5640 ,4440 ,5400 ,3840 ,5370 ,4980 ,4050 ,4290 ,5160 ,4890 ,4740 ,5460 ,5880 ,3750 ,5160 ,5190 ,4440 ,4200 ,4110 ,3780 ,4950 ,5340 ,4230 ,5280 ,6540 ,3240 ,6150 ,4800 ,6210 ,5940 ,4595 ,5160 ,3660 ,5880 ,5550 ,3990 ,6210 ,3540 ,5190 ,5165 
NN3-042,N1623MB222,1990,1,12 ,complete,,,,,,,,,,,,,,,,,,,,,,,,,,,,,,,,,,,,,,,,,,,,,,,,,,,,,,,,,,,,,,,,,,,,,,,,,,,,6030 ,5010 ,5520 ,4950 ,5160 ,5820 ,6540 ,5670 ,5160 ,7230 ,7170 ,4290 ,6810 ,3030 ,3510 ,4890 ,4950 ,5850 ,6720 ,5910 ,4500 ,5310 ,5280 ,5040 ,5820 ,4470 ,7740 ,4020 ,6480 ,4860 ,6390 ,6030 ,4530 ,6450 ,4530 ,5130 ,4380 ,4410 ,5760 ,5850 ,4320 ,6060 ,4380 ,4350 ,6810 ,5760 ,5730 ,5520 ,4530 ,4650 ,4650 ,4230 ,5460 ,5850 ,6030 ,4800 ,5490 ,6420 ,6180 ,5580 ,5160 ,3930 ,6330 ,5610 ,5430 ,4650 ,4410 ,7500 ,5070 
NN3-043,N1624MB223,1990,1,12 ,complete,,,,,,,,,,,,,,,,,,,,,,,,,,,,,,,,,,,,,,,,,,,,,,,,,,,,,,,,,,,,,,,,,,,,,,,,,,,,3120 ,3000 ,2760 ,1800 ,2400 ,3120 ,4560 ,2400 ,2160 ,3840 ,2880 ,2160 ,4800 ,3480 ,960 ,2760 ,2160 ,2160 ,2760 ,1800 ,2520 ,2520 ,3240 ,1680 ,2760 ,5040 ,1680 ,1320 ,3000 ,3120 ,3000 ,3000 ,3960 ,2640 ,2280 ,1920 ,1800 ,720 ,1680 ,3720 ,1560 ,2520 ,3960 ,1440 ,3120 ,4080 ,1560 ,2040 ,4080 ,4560 ,1080 ,1200 ,3240 ,1440 ,1440 ,1800 ,2400 ,2520 ,2160 ,2160 ,3600 ,2160 ,2160 ,2400 ,2040 ,2280 ,1560 ,1080 ,1800 
NN3-044,N1639MB238,1990,1,12 ,complete,,,,,,,,,,,,,,,,,,,,,,,,,,,,,,,,,,,,,,,,,,,,,,,,,,,,,,,,,,,,,,,,,,,,,,,,,,,,2660 ,3380 ,3240 ,1440 ,1080 ,1800 ,5640 ,4560 ,1440 ,2520 ,4080 ,2400 ,2880 ,1680 ,4200 ,2040 ,2160 ,1800 ,5400 ,3840 ,3000 ,3600 ,4560 ,720 ,2880 ,1440 ,2640 ,2400 ,2640 ,3000 ,4320 ,2880 ,1800 ,1200 ,3360 ,3840 ,3240 ,1740 ,8160 ,1560 ,2160 ,2280 ,5400 ,360 ,4560 ,3480 ,7200 ,2520 ,3000 ,2040 ,2880 ,2160 ,3720 ,2760 ,3600 ,3960 ,4320 ,2640 ,2880 ,3960 ,6960 ,2880 ,4920 ,2400 ,6840 ,3720 ,3720 ,2880 ,2880 
NN3-045,N1643MB242,1990,1,12 ,complete,,,,,,,,,,,,,,,,,,,,,,,,,,,,,,,,,,,,,,,,,,,,,,,,,,,,,,,,,,,,,,,,,,,,,,,,,,,,2160 ,1320 ,5760 ,2520 ,4560 ,2640 ,2520 ,3480 ,2760 ,4560 ,4440 ,2400 ,4440 ,2400 ,1920 ,3000 ,7200 ,5280 ,1200 ,3740 ,1560 ,2760 ,2760 ,3720 ,4200 ,1680 ,2280 ,3360 ,3480 ,1920 ,4200 ,1200 ,2400 ,4080 ,3360 ,3600 ,960 ,4320 ,1440 ,4200 ,3000 ,2040 ,3840 ,3480 ,3360 ,1800 ,2520 ,2760 ,2400 ,2400 ,3120 ,1800 ,3840 ,1560 ,1920 ,2040 ,3960 ,2760 ,2640 ,5040 ,3000 ,3960 ,4320 ,2760 ,3120 ,4800 ,1680 ,2400 ,3480 
NN3-046,N1645MB244,1990,1,12 ,complete,,,,,,,,,,,,,,,,,,,,,,,,,,,,,,,,,,,,,,,,,,,,,,,,,,,,,,,,,,,,,,,,,,,,,,,,,,,,5050 ,4650 ,5650 ,3800 ,4100 ,3950 ,3000 ,2450 ,3750 ,4600 ,3250 ,4650 ,4500 ,5150 ,3700 ,3850 ,3350 ,3550 ,5250 ,4550 ,2200 ,6900 ,3450 ,4650 ,5750 ,5150 ,5950 ,4250 ,2950 ,2000 ,3400 ,4150 ,5400 ,7050 ,3150 ,5150 ,5150 ,3700 ,3500 ,3200 ,3550 ,3250 ,5850 ,2350 ,5700 ,4850 ,3500 ,3500 ,3400 ,2750 ,3850 ,2950 ,4100 ,1900 ,2250 ,2450 ,3750 ,2400 ,3350 ,3050 ,3700 ,3250 ,3700 ,2350 ,2400 ,2400 ,3150 ,2500 ,3100 
NN3-047,N1660MB259,1990,1,12 ,complete,,,,,,,,,,,,,,,,,,,,,,,,,,,,,,,,,,,,,,,,,,,,,,,,,,,,,,,,,,,,,,,,,,,,,,,,,,,,12050 ,4500 ,5480 ,8650 ,6430 ,5390 ,10520 ,7010 ,3850 ,7530 ,5320 ,5350 ,7180 ,5380 ,8260 ,8250 ,6060 ,6950 ,5530 ,6910 ,4420 ,4240 ,7190 ,7210 ,5900 ,4300 ,3320 ,3940 ,6160 ,6630 ,6210 ,7040 ,5020 ,7120 ,7270 ,5050 ,7680 ,2910 ,4670 ,5600 ,4590 ,4770 ,4170 ,1630 ,4610 ,3130 ,3990 ,5750 ,5590 ,3030 ,6170 ,3260 ,7260 ,2970 ,5610 ,5190 ,2890 ,4280 ,4650 ,4400 ,5940 ,7000 ,4880 ,4830 ,5670 ,6690 ,6930 ,3020 ,6660 
NN3-048,N1665MB264,1990,1,12 ,complete,,,,,,,,,,,,,,,,,,,,,,,,,,,,,,,,,,,,,,,,,,,,,,,,,,,,,,,,,,,,,,,,,,,,,,,,,,,,6530 ,6880 ,7850 ,4540 ,5560 ,4690 ,7160 ,6000 ,6280 ,6660 ,7600 ,4330 ,7780 ,6070 ,7350 ,6940 ,7320 ,5480 ,7640 ,7310 ,8560 ,8360 ,7230 ,5270 ,6210 ,7280 ,6560 ,6040 ,7370 ,6800 ,7100 ,5670 ,7420 ,4150 ,6800 ,5490 ,6240 ,6230 ,7750 ,7090 ,5560 ,6230 ,5460 ,4460 ,7840 ,5110 ,6420 ,6630 ,6180 ,8030 ,6190 ,7110 ,5870 ,8270 ,4970 ,4320 ,6770 ,5530 ,7170 ,4720 ,6860 ,8370 ,6930 ,5070 ,6150 ,7220 ,4990 ,8370 ,4750 
NN3-049,N1669MB268,1990,1,12 ,complete,,,,,,,,,,,,,,,,,,,,,,,,,,,,,,,,,,,,,,,,,,,,,,,,,,,,,,,,,,,,,,,,,,,,,,,,,,,,4200 ,5100 ,4200 ,5500 ,4500 ,4200 ,4500 ,2100 ,1800 ,6300 ,6600 ,3300 ,8100 ,3600 ,1800 ,5500 ,6700 ,3600 ,2400 ,2100 ,3600 ,3100 ,2400 ,3450 ,2100 ,4500 ,1800 ,4200 ,2700 ,8750 ,3000 ,2100 ,3600 ,2700 ,2700 ,6300 ,3900 ,4800 ,4800 ,4200 ,2400 ,3600 ,5100 ,2400 ,7800 ,4200 ,4200 ,3600 ,2100 ,3300 ,4200 ,4500 ,2400 ,5700 ,5100 ,3000 ,4200 ,3300 ,5600 ,4800 ,4500 ,2400 ,4800 ,1800 ,5100 ,5100 ,3600 ,4200 ,3900 
NN3-050,N1670MB269,1990,1,12 ,complete,,,,,,,,,,,,,,,,,,,,,,,,,,,,,,,,,,,,,,,,,,,,,,,,,,,,,,,,,,,,,,,,,,,,,,,,,,,,8300 ,8155 ,8405 ,7145 ,6945 ,6725 ,7270 ,6825 ,4150 ,7145 ,8080 ,5500 ,8660 ,7080 ,5560 ,8345 ,5890 ,5175 ,6650 ,5915 ,5905 ,7060 ,5905 ,6735 ,7235 ,6375 ,6315 ,5910 ,6330 ,6070 ,7675 ,6280 ,6130 ,7120 ,6380 ,7465 ,6600 ,6190 ,9185 ,8065 ,6285 ,7640 ,5565 ,5710 ,6785 ,7220 ,6205 ,7410 ,8925 ,7380 ,8150 ,5825 ,5875 ,7935 ,6720 ,7480 ,7150 ,6960 ,6180 ,7850 ,7000 ,7250 ,5780 ,5400 ,7045 ,7420 ,6730 ,8050 ,5410 
NN3-051,N1878MI003,1982,1,12 ,complete,,,,5379 ,5338 ,5977 ,5586 ,5594 ,5591 ,5459 ,4779 ,3979 ,3950 ,4659 ,5552 ,5847 ,5590 ,6060 ,5998 ,6239 ,6138 ,5623 ,5166 ,4342 ,4149 ,4936 ,6338 ,5947 ,5580 ,6087 ,5994 ,6363 ,5755 ,5499 ,5027 ,4182 ,4177 ,4452 ,5167 ,5509 ,5180 ,4928 ,4881 ,5284 ,4768 ,4259 ,3996 ,3753 ,4010 ,4591 ,5072 ,4275 ,4644 ,5693 ,5505 ,5441 ,5245 ,4814 ,4238 ,4223 ,4267 ,4631 ,5193 ,5082 ,4245 ,4650 ,4405 ,4840 ,4173 ,4039 ,3689 ,3636 ,3591 ,3371 ,4217 ,4406 ,3821 ,3903 ,3821 ,4248 ,3767 ,3381 ,3289 ,3254 ,3022 ,3693 ,3983 ,4186 ,3724 ,4528 ,4815 ,5610 ,5176 ,4534 ,4037 ,3784 ,4015 ,4237 ,4365 ,4682 ,4830 ,5608 ,5077 ,5400 ,5524 ,4732 ,4210 ,3394 ,3721 ,3999 ,4790 ,5135 ,4383 ,5164 ,5137 ,5691 ,5166 ,4850 ,4349 ,3686 ,3508 ,3660 ,4375 ,4300 ,3593 ,4313 ,3891 ,4457 ,4540 ,3942 ,3612 ,3368 ,3275 ,3859 ,4762 ,4895 ,3949 ,4717 ,5034 ,5865 ,5321 ,4715 ,3937 ,3418 
NN3-052,N1889MI014,1982,1,12 ,complete,7433 ,7694 ,8526 ,7539 ,7428 ,7835 ,6147 ,7418 ,7764 ,7691 ,6793 ,6986 ,7749 ,7496 ,7685 ,8163 ,7827 ,7737 ,6285 ,8220 ,8180 ,8367 ,7568 ,7742 ,8375 ,8749 ,9561 ,8494 ,9022 ,9279 ,7773 ,9039 ,8667 ,9568 ,8323 ,7841 ,9191 ,8688 ,9352 ,8694 ,8391 ,7608 ,6495 ,8318 ,8422 ,8813 ,7599 ,6893 ,8153 ,7983 ,8484 ,8019 ,7502 ,7324 ,7102 ,8056 ,8270 ,9090 ,7572 ,7592 ,8440 ,8297 ,8867 ,8340 ,8491 ,8274 ,7898 ,8362 ,8602 ,9478 ,8228 ,8214 ,8673 ,9014 ,9653 ,8821 ,8702 ,8971 ,7511 ,9029 ,9058 ,9569 ,8627 ,8051 ,9472 ,9051 ,9835 ,9612 ,9545 ,9156 ,7418 ,9144 ,8482 ,9200 ,8162 ,7361 ,9509 ,8688 ,9761 ,8840 ,8995 ,9093 ,7498 ,9278 ,8806 ,9983 ,8039 ,6844 ,8857 ,8688 ,8104 ,8509 ,8680 ,8210 ,7177 ,8892 ,8523 ,9794 ,8177 ,7587 ,9386 ,9381 ,10178 ,9533 ,9437 ,9690 ,8637 ,10153 ,9988 ,10801 ,9192 ,8751 ,10019 ,9936 ,10950 ,10232 ,10174 ,9971 ,8728 ,10494 ,10043 ,10458 ,9207 ,8515 
NN3-053,N1890MI015,1982,1,12 ,complete,4243 ,4111 ,5194 ,5303 ,5465 ,5828 ,4926 ,5310 ,5681 ,5355 ,4598 ,4356 ,4231 ,4511 ,5410 ,5335 ,5672 ,6129 ,5364 ,6035 ,6374 ,6160 ,5258 ,5000 ,5553 ,5391 ,6427 ,6255 ,6336 ,6325 ,6226 ,6085 ,6158 ,7053 ,5779 ,5147 ,5990 ,4824 ,6156 ,6240 ,6238 ,6294 ,5798 ,6316 ,6805 ,6791 ,5787 ,5375 ,5822 ,5090 ,5673 ,6133 ,6004 ,6632 ,5649 ,6373 ,6608 ,7025 ,5953 ,5423 ,5656 ,5570 ,6222 ,6307 ,6294 ,7149 ,6243 ,6197 ,6965 ,7478 ,6389 ,6098 ,5639 ,5842 ,6842 ,6360 ,6762 ,7429 ,6030 ,7201 ,7121 ,7294 ,6787 ,6191 ,6376 ,5809 ,6559 ,6658 ,6850 ,7306 ,5922 ,7165 ,6894 ,6931 ,6524 ,5502 ,5954 ,5687 ,6790 ,6362 ,7030 ,7118 ,6668 ,7256 ,6779 ,7340 ,6061 ,5084 ,5472 ,5273 ,5913 ,6350 ,6652 ,7156 ,6472 ,7196 ,7767 ,7697 ,5818 ,5298 ,5877 ,5969 ,7111 ,7034 ,7048 ,7251 ,6573 ,7042 ,7377 ,7654 ,6779 ,6349 ,6003 ,6371 ,7664 ,6970 ,6964 ,7577 ,6619 ,7474 ,7668 ,7725 ,7223 ,6461 
NN3-054,N1891MI016,1982,1,12 ,complete,2478 ,2769 ,3697 ,3679 ,3970 ,4074 ,3038 ,2817 ,3022 ,2919 ,2652 ,3518 ,2458 ,3701 ,4232 ,4143 ,4286 ,4461 ,3240 ,3931 ,5003 ,4870 ,4625 ,4608 ,4755 ,5109 ,5728 ,4970 ,5290 ,5109 ,4063 ,4551 ,4493 ,5467 ,4906 ,4324 ,5539 ,4925 ,5869 ,5708 ,5727 ,5271 ,4447 ,4759 ,5336 ,5593 ,5128 ,4233 ,5603 ,5323 ,5429 ,5459 ,5417 ,5532 ,3978 ,4532 ,5359 ,5695 ,4656 ,4268 ,5481 ,5493 ,6019 ,5408 ,5400 ,5145 ,3605 ,4316 ,4969 ,5778 ,4966 ,4177 ,4713 ,5065 ,5759 ,5606 ,6010 ,5718 ,3526 ,4844 ,5556 ,5672 ,5529 ,4934 ,5485 ,5348 ,5569 ,5770 ,5806 ,5130 ,3174 ,4969 ,4947 ,4910 ,4706 ,3532 ,3489 ,4554 ,5382 ,4780 ,5589 ,5311 ,3572 ,4696 ,4687 ,5433 ,3872 ,2829 ,3738 ,3393 ,3713 ,4351 ,4691 ,4279 ,3178 ,4254 ,4519 ,5296 ,4106 ,3064 ,3868 ,4175 ,4783 ,4726 ,5039 ,4723 ,3282 ,4507 ,4518 ,5158 ,4503 ,4154 ,4716 ,5014 ,5924 ,5229 ,5315 ,5378 ,3144 ,4566 ,5064 ,5884 ,5665 ,5005 
NN3-055,N1892MI017,1982,1,12 ,complete,5683 ,5287 ,6608 ,6826 ,6995 ,7509 ,6600 ,7313 ,7792 ,7303 ,6169 ,5303 ,5632 ,5516 ,6677 ,6593 ,7101 ,7793 ,7177 ,7843 ,7859 ,7577 ,6229 ,5740 ,6559 ,6127 ,7487 ,7628 ,7603 ,7710 ,8102 ,7534 ,7737 ,8695 ,6885 ,6080 ,6874 ,5194 ,6981 ,7281 ,7314 ,7671 ,7251 ,7910 ,8434 ,8334 ,6899 ,6637 ,6683 ,5584 ,6511 ,7263 ,7115 ,8115 ,7229 ,8126 ,8071 ,8603 ,7372 ,6678 ,6441 ,6208 ,7068 ,7512 ,7475 ,8992 ,8266 ,7841 ,8759 ,9184 ,7792 ,7671 ,6531 ,6622 ,7870 ,7251 ,7780 ,9028 ,7892 ,9021 ,8559 ,8738 ,8052 ,7354 ,7182 ,6320 ,7354 ,7520 ,7855 ,8997 ,7685 ,8709 ,8371 ,8386 ,7916 ,6872 ,7492 ,6515 ,7875 ,7487 ,8196 ,8533 ,8688 ,8893 ,8222 ,8653 ,7411 ,6457 ,6401 ,6261 ,7220 ,7617 ,7922 ,8934 ,8395 ,8945 ,9738 ,9224 ,6923 ,6573 ,6963 ,7038 ,8564 ,8534 ,8421 ,8831 ,8482 ,8586 ,9076 ,9290 ,8259 ,7730 ,6809 ,7229 ,8913 ,8075 ,8094 ,8995 ,8567 ,9159 ,9318 ,9003 ,8322 ,7438 
NN3-056,N1895MI020,1982,1,12 ,complete,5550 ,5530 ,6070 ,6120 ,5840 ,6360 ,6300 ,6400 ,5490 ,5630 ,5580 ,5780 ,5670 ,6030 ,6760 ,6050 ,5910 ,6510 ,6360 ,6460 ,5710 ,5910 ,5680 ,5690 ,5360 ,5380 ,6000 ,5950 ,5960 ,6440 ,6190 ,6550 ,5780 ,5800 ,5720 ,5730 ,5530 ,5650 ,6750 ,6370 ,6500 ,7050 ,6570 ,6710 ,5570 ,5610 ,5430 ,5910 ,5510 ,5790 ,6420 ,6020 ,5870 ,6210 ,6430 ,6920 ,5710 ,5800 ,5690 ,5880 ,5560 ,5860 ,6510 ,6460 ,6360 ,6530 ,6840 ,7110 ,5860 ,5960 ,5770 ,5810 ,5580 ,5750 ,6440 ,6260 ,6250 ,6660 ,6820 ,7090 ,6030 ,6190 ,5980 ,5830 ,5620 ,5690 ,6500 ,6200 ,6250 ,6970 ,6950 ,7240 ,6050 ,6190 ,6050 ,5990 ,5730 ,5920 ,6350 ,6190 ,6080 ,6710 ,6780 ,7120 ,6010 ,6020 ,5890 ,5960 ,5690 ,5620 ,5980 ,6320 ,6340 ,6670 ,6790 ,7120 ,6120 ,6160 ,5840 ,6260 ,5650 ,5730 ,6250 ,6000 ,6160 ,6910 ,7260 ,7570 ,6370 ,6180 ,5930 ,5980 ,5740 ,5840 ,6350 ,6290 ,6310 ,6650 ,6770 ,6960 ,6320 ,6460 ,6180 ,6110 
NN3-057,N1899MI024,1982,1,12 ,complete,,,,6370 ,6570 ,7650 ,6920 ,6720 ,6880 ,6180 ,6700 ,6720 ,7170 ,6910 ,6960 ,6880 ,6790 ,7880 ,7220 ,7290 ,7260 ,6490 ,7220 ,7190 ,7550 ,7400 ,7220 ,7120 ,7280 ,7990 ,7320 ,7610 ,7200 ,6730 ,7340 ,7000 ,8070 ,7470 ,7160 ,6980 ,6900 ,7650 ,7600 ,7460 ,6920 ,6800 ,7120 ,6790 ,7850 ,7190 ,7080 ,7250 ,6980 ,7630 ,7730 ,7370 ,7130 ,7000 ,6940 ,7270 ,7990 ,7090 ,7390 ,7170 ,6840 ,7680 ,7510 ,7110 ,7310 ,7040 ,7020 ,7120 ,7910 ,7240 ,7380 ,7030 ,7150 ,7480 ,7540 ,7270 ,7360 ,6690 ,7290 ,7130 ,7380 ,7220 ,7100 ,7260 ,6930 ,7940 ,7390 ,7710 ,7470 ,6980 ,7440 ,7520 ,7950 ,7580 ,7140 ,7660 ,7230 ,8230 ,7310 ,7640 ,7240 ,6550 ,6940 ,6870 ,8000 ,7360 ,6940 ,7260 ,6940 ,7620 ,7450 ,7460 ,6970 ,6880 ,6980 ,7060 ,7780 ,7130 ,6890 ,7260 ,6920 ,7610 ,7310 ,7170 ,7160 ,6720 ,6510 ,6970 ,7590 ,6960 ,7000 ,6640 ,6420 ,7460 ,7080 ,6990 ,6930 ,6570 ,6670 ,6900 
NN3-058,N1903MI028,1979,1,12 ,complete,,,,,6600 ,6800 ,7500 ,7500 ,7400 ,7600 ,7300 ,7900 ,7100 ,7700 ,6500 ,5000 ,6200 ,7000 ,7400 ,7200 ,6900 ,7400 ,6400 ,5500 ,6600 ,7000 ,6200 ,5100 ,5600 ,6400 ,7200 ,7100 ,7000 ,7300 ,7600 ,7600 ,6700 ,6800 ,5900 ,5000 ,5600 ,5600 ,7100 ,7000 ,6600 ,7200 ,7200 ,7200 ,6200 ,6500 ,5800 ,4900 ,5800 ,6800 ,7100 ,6900 ,6800 ,7200 ,7200 ,7400 ,6400 ,6700 ,6200 ,5000 ,5600 ,6700 ,7000 ,6800 ,6900 ,7100 ,7300 ,7300 ,6600 ,6800 ,5900 ,4900 ,5500 ,6300 ,7100 ,6700 ,6700 ,7100 ,7300 ,7300 ,6200 ,6500 ,5800 ,4700 ,5500 ,6500 ,6800 ,6600 ,6300 ,6700 ,7200 ,7200 ,5900 ,6100 ,5500 ,4700 ,5400 ,6400 ,7500 ,6900 ,6400 ,6700 ,7100 ,7100 ,4000 ,6300 ,5400 ,4600 ,5400 ,6000 ,7200 ,6800 ,6400 ,7100 ,7500 ,7400 ,6400 ,6600 ,5600 ,4800 ,5400 ,6600 ,7200 ,6900 ,6800 ,7200 ,7500 ,7500 ,6300 ,6800 ,6100 ,5200 ,5100 ,7000 ,7600 ,7200 ,7000 ,7400 ,7400 ,7500 
NN3-059,N1906MI031,1983,1,12 ,complete,,,,,,,,,,,1211 ,1335 ,1688 ,2262 ,3835 ,6423 ,9784 ,9064 ,6082 ,4456 ,2105 ,1115 ,1225 ,1440 ,1777 ,2636 ,3788 ,6649 ,9383 ,9051 ,5876 ,3940 ,1936 ,1348 ,1180 ,1237 ,1917 ,2801 ,4019 ,6838 ,9351 ,9149 ,5508 ,4148 ,1897 ,1329 ,1419 ,1308 ,2220 ,2875 ,4532 ,6972 ,9719 ,10031 ,5663 ,4418 ,2169 ,1468 ,1545 ,1495 ,2039 ,3044 ,4987 ,7399 ,10016 ,10063 ,6339 ,5120 ,2384 ,1425 ,1407 ,1564 ,2274 ,2930 ,4684 ,7802 ,10375 ,9885 ,6286 ,4742 ,2242 ,1394 ,1517 ,1441 ,2326 ,3085 ,5052 ,7734 ,10268 ,10032 ,6533 ,4869 ,2379 ,1370 ,1505 ,1512 ,2271 ,3198 ,4580 ,7589 ,9926 ,9540 ,6298 ,3993 ,2149 ,1357 ,1442 ,1703 ,2098 ,2945 ,4759 ,7339 ,10624 ,10606 ,6686 ,4913 ,2070 ,1565 ,1599 ,1725 ,2337 ,3355 ,5165 ,7779 ,10432 ,10296 ,6708 ,4936 ,2062 ,1564 ,1561 ,1660 ,2223 ,3249 ,4967 ,7727 ,10784 ,10912 ,7024 ,5096 ,2153 ,1599 ,1447 ,1505 
NN3-060,N1910MI035,1981,1,12 ,complete,4738 ,4687 ,5931 ,5532 ,5430 ,6107 ,5961 ,5542 ,5362 ,5237 ,4827 ,4782 ,4983 ,4718 ,5524 ,5287 ,5389 ,5810 ,5057 ,5604 ,5285 ,5215 ,4625 ,4270 ,4685 ,4234 ,5278 ,4979 ,5333 ,5451 ,5224 ,5790 ,5079 ,4706 ,4140 ,3721 ,4594 ,4639 ,4969 ,4764 ,5011 ,5268 ,5312 ,5723 ,4580 ,5015 ,4282 ,3834 ,4523 ,3884 ,3898 ,4846 ,4929 ,4955 ,5198 ,5122 ,4643 ,4790 ,3951 ,3824 ,4512 ,4262 ,4617 ,5140 ,4973 ,5222 ,5242 ,4980 ,4692 ,4822 ,4124 ,4027 ,4365 ,4334 ,4930 ,5053 ,5031 ,5342 ,5191 ,4852 ,4676 ,4689 ,3809 ,4054 ,4410 ,4210 ,4566 ,4907 ,5022 ,5215 ,4934 ,5198 ,4735 ,4682 ,4172 ,4038 ,4463 ,4283 ,4962 ,4969 ,5215 ,5417 ,4764 ,5326 ,4545 ,4797 ,4259 ,4117 ,4469 ,4203 ,5034 ,4883 ,5362 ,5045 ,5006 ,5382 ,4565 ,4825 ,4290 ,3934 ,4178 ,3949 ,4493 ,4894 ,5224 ,5071 ,5094 ,5248 ,4630 ,4900 ,4209 ,3641 ,4211 ,4109 ,5112 ,4854 ,5038 ,5254 ,5236 ,5011 ,4841 ,4829 ,4165 ,4196 
NN3-061,N1912MI037,1981,1,12 ,complete,3959 ,3704 ,5149 ,5419 ,5151 ,6368 ,6427 ,5724 ,4809 ,4596 ,4454 ,4488 ,3696 ,4103 ,5299 ,5156 ,5699 ,6326 ,5732 ,6029 ,5193 ,4888 ,4482 ,4417 ,4539 ,3470 ,5358 ,5099 ,5979 ,6631 ,6163 ,6653 ,5648 ,4732 ,4429 ,3916 ,4117 ,4636 ,4639 ,5033 ,5431 ,6100 ,6499 ,6716 ,4880 ,5206 ,4421 ,3897 ,4479 ,4102 ,4301 ,5606 ,5762 ,5998 ,6279 ,5893 ,4825 ,4870 ,4088 ,3882 ,4303 ,4065 ,4861 ,6173 ,5884 ,5856 ,5899 ,5293 ,4687 ,4796 ,3988 ,4080 ,4048 ,4174 ,5353 ,5913 ,6196 ,6471 ,5950 ,5962 ,5203 ,4896 ,4085 ,4183 ,3978 ,4371 ,5325 ,5928 ,5800 ,6568 ,6115 ,6202 ,5340 ,4983 ,4410 ,4531 ,4630 ,4416 ,5290 ,5998 ,6153 ,6359 ,5826 ,6184 ,4989 ,5126 ,4668 ,4174 ,4215 ,4284 ,5342 ,5109 ,6026 ,5835 ,5835 ,5876 ,4757 ,4920 ,4176 ,3886 ,3987 ,3750 ,4591 ,5303 ,5822 ,5663 ,5623 ,5439 ,4722 ,4686 ,3845 ,3710 ,3871 ,3843 ,4939 ,4810 ,5259 ,5592 ,5231 ,4757 ,4617 ,4245 ,3652 ,3598 
NN3-062,N1953MI078,1979,1,12 ,complete,,,,,1365 ,1134 ,2186 ,1765 ,1849 ,1618 ,2100 ,2023 ,1753 ,1568 ,1912 ,2492 ,1240 ,2168 ,2379 ,2389 ,2566 ,2050 ,2065 ,1401 ,2577 ,2349 ,2431 ,2471 ,1423 ,2051 ,2489 ,2798 ,2464 ,2859 ,1472 ,1475 ,2576 ,1563 ,2035 ,3185 ,1313 ,1445 ,2141 ,1510 ,1810 ,1377 ,1025 ,834 ,1190 ,1101 ,1146 ,2471 ,1333 ,1488 ,2618 ,2139 ,1544 ,2335 ,875 ,948 ,1565 ,885 ,1670 ,2455 ,506 ,1149 ,1241 ,1117 ,1449 ,1759 ,758 ,914 ,1392 ,1259 ,1798 ,2480 ,674 ,1737 ,1923 ,1967 ,1501 ,1784 ,1576 ,1547 ,1414 ,2006 ,1389 ,4363 ,1273 ,1433 ,2693 ,1867 ,2272 ,2100 ,2222 ,1947 ,1590 ,2151 ,2255 ,3236 ,1135 ,1662 ,2796 ,2240 ,1792 ,2082 ,2286 ,1370 ,2261 ,1856 ,1869 ,3634 ,1617 ,2611 ,3035 ,2866 ,3286 ,2960 ,2394 ,2093 ,2630 ,3078 ,2517 ,2952 ,1527 ,2012 ,3199 ,2729 ,2785 ,3226 ,2829 ,3583 ,4670 ,2767 ,2168 ,3441 ,2244 ,5289 ,3497 ,3953 ,3911 ,4949 ,4258 ,4332 
NN3-063,N1955MI080,1982,1,12 ,complete,2730 ,3200 ,4690 ,4880 ,5100 ,5610 ,4390 ,3560 ,4290 ,4310 ,4070 ,3660 ,4570 ,4740 ,5750 ,5290 ,5870 ,6440 ,4610 ,4920 ,6270 ,6780 ,6360 ,5810 ,6470 ,6820 ,7720 ,6650 ,6990 ,6760 ,5170 ,5190 ,5380 ,6860 ,6680 ,5530 ,7330 ,6590 ,7360 ,7440 ,7600 ,6770 ,5650 ,5540 ,6380 ,7390 ,6580 ,5400 ,7130 ,6750 ,6550 ,7130 ,6850 ,7060 ,5050 ,4260 ,6370 ,6840 ,5560 ,5610 ,6170 ,6910 ,7410 ,6600 ,6260 ,6650 ,3730 ,3770 ,5820 ,6700 ,5830 ,5000 ,4720 ,5630 ,6650 ,6130 ,6900 ,7260 ,3860 ,4840 ,6180 ,6550 ,6480 ,5840 ,6160 ,6060 ,6540 ,6510 ,6720 ,6120 ,2750 ,5400 ,5760 ,6180 ,5350 ,4530 ,3350 ,4880 ,6170 ,5090 ,6250 ,6270 ,3460 ,5300 ,5420 ,6250 ,4380 ,3690 ,4350 ,4110 ,4360 ,4600 ,5180 ,4850 ,3600 ,4170 ,4730 ,5720 ,4620 ,3780 ,4040 ,4440 ,5060 ,5060 ,5480 ,5720 ,3620 ,4180 ,4740 ,5290 ,4580 ,4640 ,4400 ,4790 ,5960 ,5390 ,5450 ,5620 ,3050 ,4260 ,4590 ,5470 ,5430 ,4950 
NN3-064,N1960MI085,1983,1,12 ,complete,,,,,,,,,,,5900 ,6240 ,6175 ,5955 ,5955 ,6045 ,5510 ,5440 ,5960 ,6100 ,6515 ,6760 ,7355 ,7660 ,7860 ,7675 ,7300 ,7230 ,6490 ,6340 ,6330 ,6465 ,7020 ,7075 ,8040 ,8020 ,7855 ,7815 ,7730 ,7885 ,7900 ,7065 ,6210 ,7170 ,8030 ,8150 ,8815 ,9335 ,9535 ,9725 ,9335 ,9300 ,8630 ,7785 ,6465 ,7065 ,7685 ,7495 ,8630 ,9305 ,9680 ,9520 ,9515 ,9510 ,8285 ,7190 ,6985 ,7795 ,8460 ,8400 ,8385 ,8045 ,7860 ,7855 ,7975 ,8315 ,7155 ,6630 ,7045 ,7520 ,8155 ,8005 ,8680 ,9050 ,9190 ,9180 ,9220 ,9225 ,7825 ,7250 ,7195 ,7745 ,8295 ,8345 ,7420 ,7335 ,7395 ,7110 ,7355 ,7525 ,6590 ,6685 ,6700 ,7415 ,7550 ,7040 ,7335 ,7155 ,6805 ,6855 ,6785 ,6520 ,5650 ,5595 ,5780 ,6335 ,6580 ,6415 ,6590 ,6520 ,6515 ,6585 ,6725 ,6705 ,5755 ,5830 ,6215 ,6075 ,6245 ,6380 ,6500 ,6980 ,7405 ,7415 ,7325 ,7265 ,6030 ,5845 ,6105 ,6265 ,6775 ,6825 ,7170 ,7380 
NN3-065,N1962MI087,1978,1,12 ,complete,4709 ,5372 ,6284 ,7048 ,6932 ,7063 ,4583 ,3611 ,6160 ,6674 ,5873 ,5203 ,4977 ,6449 ,7317 ,7332 ,8573 ,7347 ,4678 ,3757 ,6420 ,7979 ,7491 ,5595 ,4943 ,6332 ,7244 ,6938 ,6021 ,5192 ,3104 ,2261 ,4164 ,5839 ,4695 ,4046 ,3102 ,5282 ,6036 ,5852 ,6381 ,5784 ,4985 ,3179 ,3799 ,3522 ,2973 ,2918 ,1727 ,2387 ,4021 ,4959 ,4570 ,3866 ,3429 ,2118 ,2630 ,2742 ,2739 ,2242 ,2688 ,4433 ,5659 ,5445 ,6081 ,5192 ,3426 ,3187 ,4627 ,5722 ,4816 ,3814 ,4071 ,5369 ,7088 ,6539 ,6319 ,5831 ,4175 ,3174 ,4801 ,4206 ,5263 ,4528 ,5326 ,5886 ,7352 ,7239 ,6808 ,6749 ,5209 ,3361 ,5903 ,6139 ,5919 ,4225 ,5726 ,6352 ,6963 ,7301 ,5890 ,8032 ,3918 ,2062 ,5952 ,5050 ,5420 ,4281 ,3243 ,6012 ,5733 ,5961 ,6452 ,7714 ,2531 ,3158 ,4922 ,5114 ,6970 ,4855 ,4380 ,6814 ,8371 ,6878 ,7491 ,6733 ,4393 ,4611 ,7656 ,6511 ,6850 ,5824 ,5568 ,7174 ,8294 ,8016 ,7137 ,6274 ,3904 ,4834 ,5788 ,6881 ,6731 ,6372 
NN3-066,N1993MI118,1979,1,12 ,complete,6970 ,6455 ,8005 ,8115 ,8180 ,7930 ,7275 ,7865 ,7610 ,7435 ,8480 ,8850 ,8345 ,8275 ,8595 ,8430 ,8395 ,7735 ,7890 ,8435 ,7620 ,7610 ,8005 ,8935 ,8320 ,7670 ,8660 ,8485 ,8160 ,7910 ,7725 ,7555 ,7685 ,7740 ,7455 ,7850 ,6930 ,6600 ,7290 ,7625 ,7755 ,6915 ,6145 ,5985 ,6100 ,5955 ,5800 ,5905 ,5705 ,5430 ,6435 ,6025 ,5815 ,5160 ,4985 ,5585 ,5790 ,6190 ,6300 ,6340 ,6610 ,6685 ,7450 ,7410 ,7255 ,6460 ,6035 ,6745 ,6655 ,7070 ,7415 ,7720 ,7815 ,7260 ,7925 ,7825 ,7805 ,7530 ,7015 ,6575 ,6640 ,7075 ,6405 ,6720 ,6385 ,6085 ,6475 ,6555 ,6500 ,5790 ,5195 ,5680 ,5745 ,6010 ,5705 ,6310 ,6870 ,6260 ,7210 ,7090 ,7055 ,6535 ,6320 ,6010 ,6165 ,6985 ,6760 ,7220 ,6995 ,6475 ,7225 ,7325 ,7515 ,6925 ,7165 ,6895 ,6400 ,6685 ,6955 ,7550 ,7645 ,6710 ,7470 ,7355 ,7525 ,7165 ,6900 ,6340 ,6460 ,6950 ,6805 ,6605 ,7195 ,6875 ,7530 ,7075 ,7195 ,6705 ,6995 ,6975 ,6670 ,7090 ,7135 ,7355 
NN3-067,N2001MI126,1982,1,12 ,complete,4160 ,3960 ,4170 ,6180 ,5520 ,3750 ,3400 ,5170 ,3890 ,3580 ,3130 ,4950 ,4310 ,3830 ,5430 ,4580 ,6270 ,4740 ,3260 ,5970 ,6910 ,6380 ,6460 ,4570 ,5660 ,5100 ,4140 ,5380 ,6560 ,3650 ,2970 ,8360 ,6240 ,4260 ,3740 ,5980 ,6300 ,4370 ,4490 ,7600 ,6920 ,3200 ,2280 ,5440 ,5450 ,4340 ,2690 ,6550 ,7650 ,3870 ,4290 ,8530 ,6200 ,2260 ,1600 ,3580 ,5480 ,2990 ,3260 ,5490 ,7520 ,4730 ,5710 ,7680 ,4860 ,5920 ,2260 ,4400 ,5520 ,4000 ,3660 ,5770 ,6990 ,4220 ,4360 ,6880 ,5360 ,3920 ,2800 ,4670 ,3470 ,4400 ,4470 ,5480 ,5790 ,3440 ,4010 ,7310 ,6370 ,2380 ,2560 ,5290 ,4090 ,4890 ,4140 ,7620 ,5600 ,3650 ,4540 ,7090 ,6320 ,3270 ,2750 ,6630 ,3080 ,4180 ,4410 ,5490 ,6020 ,3270 ,3930 ,7400 ,7350 ,2270 ,2360 ,6870 ,3460 ,3880 ,3040 ,4540 ,6800 ,4060 ,5620 ,7790 ,8480 ,2610 ,2780 ,6020 ,3800 ,4380 ,2290 ,4390 ,5040 ,5440 ,5110 ,7880 ,9260 ,2800 ,1930 ,4440 ,5030 ,4200 ,4320 ,4010 
NN3-068,N2096MI221,1982,1,12 ,complete,,,,,,3070 ,3022 ,3569 ,3613 ,3329 ,3720 ,3347 ,3274 ,3493 ,3633 ,4313 ,5168 ,2984 ,2901 ,3629 ,3374 ,3408 ,3868 ,3198 ,3383 ,3377 ,3436 ,4315 ,5047 ,3067 ,3089 ,3447 ,3288 ,3432 ,3663 ,3158 ,3344 ,3277 ,3798 ,4180 ,4932 ,2863 ,3027 ,3187 ,3251 ,3416 ,3384 ,3250 ,3520 ,4940 ,2950 ,3308 ,4693 ,2570 ,2724 ,3110 ,3068 ,3108 ,3393 ,3271 ,3093 ,3198 ,3323 ,3707 ,4889 ,2688 ,2812 ,3138 ,3052 ,3052 ,3345 ,3026 ,2905 ,3114 ,3110 ,3759 ,4822 ,2514 ,2657 ,3067 ,3036 ,3016 ,3277 ,2809 ,2944 ,3010 ,3128 ,3868 ,4496 ,2501 ,2664 ,3042 ,2847 ,3069 ,3173 ,2790 ,2994 ,2860 ,3105 ,3751 ,4349 ,2560 ,2630 ,2882 ,2865 ,3081 ,3183 ,2981 ,2939 ,2727 ,3110 ,3674 ,4812 ,2473 ,2196 ,2606 ,2836 ,2879 ,2877 ,2910 ,2825 ,2680 ,3070 ,3317 ,3963 ,2355 ,2450 ,2737 ,2879 ,2792 ,3030 ,2911 ,2744 ,2820 ,2979 ,3425 ,4046 ,2308 ,2413 ,2805 ,2806 ,2613 ,2873 ,2703 
NN3-069,N2107MI232,1981,1,12 ,complete,,,,,,872 ,1660 ,1498 ,548 ,284 ,170 ,364 ,3006 ,6616 ,3392 ,1696 ,1536 ,1010 ,1366 ,1568 ,1404 ,1104 ,812 ,868 ,2396 ,6556 ,3014 ,1428 ,1440 ,1176 ,1424 ,1052 ,714 ,650 ,432 ,270 ,1902 ,4664 ,2680 ,1464 ,1860 ,1658 ,976 ,1044 ,694 ,466 ,284 ,216 ,1390 ,5120 ,3868 ,1928 ,1306 ,1070 ,782 ,1230 ,716 ,456 ,360 ,366 ,1800 ,5752 ,3106 ,1346 ,1478 ,414 ,402 ,296 ,904 ,1384 ,974 ,782 ,2338 ,7048 ,2310 ,1570 ,1980 ,440 ,1026 ,866 ,878 ,724 ,836 ,542 ,1550 ,7004 ,1936 ,1720 ,1548 ,1296 ,1200 ,840 ,556 ,516 ,554 ,326 ,914 ,5134 ,4126 ,1280 ,1228 ,1568 ,1914 ,1994 ,2074 ,1262 ,1032 ,856 ,1116 ,7722 ,3304 ,1292 ,1700 ,2240 ,1902 ,1094 ,598 ,690 ,470 ,486 ,1110 ,4802 ,4300 ,1656 ,1354 ,1282 ,1870 ,1148 ,1258 ,680 ,746 ,578 ,1424 ,5742 ,2914 ,1558 ,1100 ,1000 ,1344 ,1124 ,880 ,1028 ,980 ,1104 
NN3-070,N2109MI234,1981,1,12 ,complete,,,,,,13430 ,13020 ,11710 ,9265 ,7280 ,5040 ,3860 ,6160 ,13610 ,15455 ,14530 ,13815 ,12860 ,11500 ,10660 ,9340 ,8050 ,6540 ,5060 ,6350 ,14130 ,16380 ,16160 ,15850 ,15930 ,15320 ,13420 ,12255 ,8785 ,6380 ,4760 ,5730 ,10810 ,12845 ,12865 ,13515 ,13880 ,12960 ,12090 ,9510 ,8130 ,6625 ,4920 ,4650 ,10085 ,13960 ,14495 ,14340 ,13875 ,13135 ,13415 ,9280 ,7075 ,5660 ,4270 ,5085 ,11945 ,14335 ,14105 ,13755 ,12920 ,11650 ,10720 ,8600 ,7795 ,6550 ,4800 ,5900 ,14095 ,15170 ,14875 ,15230 ,13685 ,12780 ,11510 ,9915 ,8740 ,7870 ,6650 ,5285 ,13195 ,13390 ,13490 ,13445 ,13070 ,12480 ,11550 ,10725 ,9130 ,7885 ,6415 ,5540 ,9350 ,12645 ,11985 ,10055 ,10295 ,10280 ,9420 ,9575 ,8090 ,5855 ,4445 ,3555 ,12870 ,14750 ,13615 ,13705 ,13940 ,11900 ,9000 ,7340 ,6425 ,5535 ,4050 ,3485 ,8090 ,11380 ,11355 ,10530 ,9285 ,9350 ,8300 ,8090 ,6670 ,5205 ,3645 ,3595 ,10135 ,11385 ,10445 ,9520 ,8940 ,5885 ,7690 ,6245 ,5560 ,4850 ,3830 
NN3-071,N2131MI256,1978,1,12 ,complete,7149 ,7567 ,9955 ,5566 ,4397 ,3971 ,5805 ,7112 ,5623 ,11673 ,13034 ,11738 ,4839 ,6823 ,7767 ,7049 ,5749 ,3444 ,5168 ,4016 ,4089 ,5662 ,10739 ,11097 ,3806 ,7147 ,10894 ,7433 ,7244 ,5851 ,5562 ,3855 ,4398 ,6479 ,8766 ,9058 ,6098 ,4468 ,7311 ,6724 ,6065 ,5462 ,4256 ,3728 ,6193 ,8603 ,11808 ,7563 ,4310 ,5360 ,8453 ,5682 ,7343 ,5066 ,3254 ,4107 ,3375 ,10135 ,12551 ,6876 ,3292 ,5217 ,6254 ,5981 ,4577 ,4454 ,3897 ,4905 ,3596 ,7036 ,11963 ,8206 ,5713 ,5466 ,5896 ,4409 ,3603 ,3927 ,2018 ,2497 ,5327 ,9251 ,13317 ,10487 ,4710 ,6599 ,6537 ,7362 ,2150 ,1937 ,2772 ,5330 ,5593 ,6539 ,11618 ,12152 ,2937 ,4337 ,6644 ,6252 ,3870 ,3051 ,2228 ,3223 ,3013 ,4481 ,9028 ,14435 ,8110 ,3455 ,5868 ,5633 ,4391 ,2821 ,2641 ,2131 ,2945 ,3823 ,7312 ,8824 ,9801 ,5129 ,6377 ,7721 ,4754 ,3100 ,3542 ,3354 ,4284 ,4442 ,6266 ,6176 ,7775 ,7618 ,6653 ,5807 ,4410 ,3509 ,2097 ,3205 ,5319 ,5408 ,9622 ,5893 
NN3-072,N2134MI259,1981,1,12 ,complete,5305 ,5147 ,5620 ,5367 ,5068 ,5652 ,5106 ,5872 ,5815 ,5664 ,4966 ,4230 ,4823 ,5285 ,5743 ,4837 ,4824 ,6059 ,4917 ,5580 ,5666 ,5407 ,4954 ,3308 ,4869 ,4270 ,5436 ,4747 ,4785 ,6045 ,4299 ,5452 ,5253 ,4963 ,5308 ,4321 ,4995 ,4458 ,5079 ,4742 ,5032 ,5774 ,4454 ,5315 ,4680 ,5663 ,5320 ,4278 ,4450 ,4630 ,5481 ,4578 ,4934 ,5758 ,4207 ,5009 ,3601 ,7061 ,4985 ,4797 ,4140 ,4318 ,5146 ,4802 ,5239 ,5597 ,3842 ,5140 ,5081 ,5197 ,4922 ,4879 ,3810 ,4267 ,5298 ,4221 ,5100 ,6175 ,3789 ,4981 ,5096 ,4856 ,5256 ,4852 ,3244 ,4610 ,5529 ,4483 ,5161 ,5270 ,3142 ,3437 ,5194 ,4687 ,5626 ,3955 ,5836 ,4194 ,5172 ,4435 ,5286 ,5155 ,2676 ,4716 ,4444 ,4818 ,4986 ,3434 ,3837 ,4116 ,4850 ,4532 ,4721 ,4590 ,3979 ,4989 ,4327 ,4401 ,4556 ,3413 ,3451 ,3941 ,4706 ,4011 ,4927 ,4585 ,4404 ,4234 ,4343 ,4046 ,3798 ,3274 ,3572 ,3958 ,4852 ,4362 ,3901 ,5167 ,3833 ,4372 ,4297 ,4471 ,4422 ,3842 
NN3-073,N2146MI271,1982,1,12 ,complete,1093 ,1199 ,1456 ,2307 ,5391 ,5043 ,4872 ,4260 ,4006 ,3212 ,3114 ,1594 ,401 ,632 ,485 ,2922 ,5408 ,5681 ,6082 ,5631 ,4066 ,4825 ,5213 ,4118 ,1160 ,1271 ,1501 ,3713 ,6348 ,6193 ,7381 ,5998 ,4770 ,5152 ,5065 ,2471 ,617 ,1063 ,1082 ,4264 ,5962 ,5921 ,5118 ,5912 ,5318 ,5625 ,5037 ,2966 ,767 ,1124 ,1246 ,4345 ,5440 ,4599 ,4851 ,4447 ,4213 ,4158 ,4101 ,3429 ,335 ,258 ,914 ,3492 ,4608 ,5440 ,5133 ,5417 ,5694 ,5792 ,5443 ,5548 ,2326 ,1348 ,1171 ,5367 ,5919 ,5815 ,6430 ,5795 ,5527 ,5550 ,4890 ,5658 ,2155 ,1158 ,1817 ,5418 ,6243 ,6495 ,6289 ,6220 ,5437 ,5735 ,5520 ,4078 ,2021 ,1378 ,1976 ,5123 ,6299 ,6162 ,6849 ,5273 ,5053 ,5140 ,4540 ,5452 ,2269 ,1585 ,1897 ,5264 ,5678 ,5548 ,5328 ,5506 ,5963 ,5421 ,4673 ,5835 ,2480 ,1745 ,2532 ,5431 ,6056 ,5941 ,6049 ,6186 ,4859 ,5291 ,5069 ,4890 ,2170 ,1222 ,2618 ,5593 ,6556 ,6021 ,6242 ,5449 ,4117 ,5381 ,5041 ,5766 
NN3-074,N2159MI284,1978,1,12 ,complete,6650 ,6350 ,6900 ,6700 ,7200 ,7150 ,5450 ,6850 ,7250 ,8150 ,7600 ,7500 ,7950 ,7850 ,8900 ,7300 ,8250 ,7700 ,6450 ,7900 ,7200 ,8650 ,7100 ,7150 ,8350 ,8150 ,8600 ,7700 ,7850 ,7300 ,5400 ,5650 ,6750 ,6400 ,6150 ,6750 ,7200 ,7350 ,7750 ,6800 ,6650 ,6600 ,5700 ,6050 ,6600 ,6200 ,5650 ,5350 ,5150 ,5150 ,5750 ,5050 ,4550 ,4100 ,2800 ,2900 ,3100 ,2800 ,2500 ,1950 ,2400 ,2350 ,2800 ,2500 ,2850 ,2850 ,2400 ,2800 ,2900 ,3250 ,3200 ,3150 ,3250 ,3250 ,3650 ,3750 ,4000 ,3800 ,3200 ,3950 ,3350 ,3950 ,3600 ,3350 ,3850 ,3950 ,4200 ,4150 ,4050 ,3350 ,3150 ,3150 ,3550 ,3300 ,3250 ,3250 ,3500 ,3250 ,3000 ,3650 ,3700 ,3100 ,3050 ,2950 ,3200 ,3400 ,3600 ,3550 ,3400 ,3400 ,3550 ,2850 ,2650 ,2750 ,3150 ,3450 ,3650 ,3600 ,3650 ,3750 ,3350 ,3700 ,4600 ,4000 ,4450 ,4500 ,4250 ,4950 ,5150 ,4950 ,4850 ,4900 ,4500 ,4150 ,5300 ,4800 ,5300 ,4850 ,4000 ,4800 ,4050 ,4550 ,4000 ,3750 
NN3-075,N2172MI297,1982,1,12 ,complete,4935 ,4395 ,4860 ,4725 ,4235 ,4420 ,3620 ,4835 ,4415 ,4915 ,4075 ,4340 ,4575 ,3700 ,4155 ,4295 ,4190 ,4815 ,3965 ,5130 ,5785 ,5615 ,5135 ,6070 ,6245 ,4975 ,5195 ,4685 ,4530 ,5085 ,4205 ,5160 ,5105 ,5565 ,4845 ,4755 ,4790 ,5130 ,5095 ,4565 ,4655 ,4165 ,3650 ,5560 ,5445 ,5380 ,4815 ,4165 ,5040 ,4450 ,4150 ,4735 ,4490 ,4385 ,3690 ,4945 ,5295 ,5525 ,4745 ,4830 ,4825 ,4555 ,5150 ,5050 ,5070 ,5175 ,4870 ,5160 ,5425 ,5955 ,5290 ,5005 ,4990 ,5070 ,5800 ,4965 ,5200 ,5180 ,4605 ,5125 ,5150 ,5530 ,5170 ,4755 ,5235 ,4915 ,5060 ,4960 ,5065 ,5080 ,4760 ,5135 ,5295 ,5700 ,5310 ,4865 ,5205 ,5335 ,5595 ,5055 ,5310 ,5160 ,4885 ,5620 ,5230 ,5450 ,5215 ,4865 ,5065 ,5265 ,5060 ,5065 ,4920 ,4620 ,4540 ,5095 ,5135 ,5345 ,5120 ,4635 ,5125 ,4965 ,5415 ,4925 ,4800 ,5175 ,4740 ,5240 ,5330 ,5270 ,4910 ,4645 ,5445 ,5375 ,5615 ,5230 ,5460 ,5690 ,5340 ,5630 ,5785 ,5660 ,5465 ,5305 
NN3-076,N1879MI004,1977,1,12 ,complete,9315 ,9636 ,11658 ,9169 ,8357 ,8103 ,9306 ,6138 ,8419 ,6404 ,7490 ,9120 ,8682 ,7655 ,8204 ,8360 ,9450 ,10714 ,7080 ,9863 ,8112 ,8719 ,8974 ,8588 ,6927 ,8007 ,9417 ,8240 ,7832 ,9263 ,6577 ,7633 ,7229 ,6948 ,8045 ,7717 ,7885 ,8437 ,9355 ,6512 ,6326 ,7742 ,7741 ,7608 ,7909 ,9526 ,10440 ,6821 ,9817 ,7209 ,9859 ,8839 ,9008 ,9346 ,6961 ,5459 ,7697 ,6341 ,9732 ,5830 ,5425 ,5172 ,6848 ,7767 ,8725 ,9305 ,9243 ,6033 ,5209 ,5921 ,4863 ,5393 ,5526 ,6227 ,7539 ,7600 ,6746 ,7434 ,6007 ,6550 ,6358 ,7014 ,6200 ,4706 ,6812 ,6508 ,8894 ,7386 ,9757 ,7147 ,6454 ,7023 ,5610 ,5767 ,5116 ,5216 ,5133 ,4428 ,5525 ,5819 ,6056 ,8117 ,4960 ,5382 ,4043 ,6155 ,6226 ,3912 ,6016 ,5425 ,6525 ,6826 ,7280 ,6973 ,5951 ,8385 ,5751 ,6522 ,7002 ,7791 ,6086 ,7813 ,9933 ,9437 ,9409 ,9793 ,7728 ,7508 ,7403 ,6779 ,7852 ,7339 ,8017 ,9216 ,9215 ,7324 ,9637 ,8812 ,7512 ,6984 ,10511 ,11278 ,7918 ,11260 
NN3-077,N1884MI009,1981,12,12 ,complete,4815 ,4820 ,4835 ,5020 ,5020 ,5030 ,5060 ,5060 ,5090 ,5095 ,5095 ,5065 ,5055 ,5045 ,5045 ,5100 ,5100 ,5095 ,5160 ,5210 ,5250 ,5250 ,5255 ,5135 ,5220 ,5245 ,5245 ,5365 ,5365 ,5365 ,5210 ,5210 ,5190 ,5180 ,5180 ,5245 ,5245 ,5305 ,5195 ,5235 ,5350 ,5310 ,5245 ,5345 ,5375 ,5375 ,5375 ,5375 ,5375 ,5390 ,5365 ,5365 ,5325 ,5160 ,5315 ,5310 ,5335 ,5335 ,5340 ,5340 ,5335 ,5115 ,5335 ,5255 ,5350 ,4750 ,5225 ,5295 ,5295 ,5290 ,5330 ,5360 ,5370 ,5370 ,5360 ,5360 ,5365 ,5360 ,5360 ,5365 ,5385 ,5295 ,5420 ,5470 ,5475 ,5500 ,5500 ,5490 ,5495 ,5515 ,5465 ,5455 ,5500 ,5460 ,5545 ,5625 ,5715 ,5715 ,5715 ,5710 ,5715 ,5715 ,5670 ,5660 ,5695 ,5695 ,5545 ,5535 ,5535 ,5535 ,5670 ,5680 ,5780 ,5845 ,5840 ,5840 ,5840 ,5845 ,5845 ,5845 ,5855 ,5995 ,5995 ,5985 ,6020 ,6075 ,6075 ,6075 ,6145 ,6145 ,6175 ,6175 ,6175 ,6195 ,6195 ,6200 ,6115 ,6115 ,6195 ,6210 ,6210 ,6210 ,6210 ,6215 
NN3-078,N1886MI011,1979,1,12 ,complete,7401 ,6525 ,7396 ,9133 ,5584 ,8327 ,5712 ,5918 ,5984 ,4682 ,4432 ,4871 ,7805 ,5690 ,7514 ,3952 ,5614 ,4517 ,3911 ,3187 ,5681 ,3228 ,5111 ,4578 ,3054 ,8803 ,5423 ,6870 ,6742 ,5128 ,4226 ,4409 ,6376 ,7053 ,5713 ,4992 ,5181 ,6028 ,4644 ,5472 ,5709 ,6440 ,3929 ,5522 ,4125 ,5523 ,5219 ,5024 ,3354 ,5042 ,4932 ,6310 ,6446 ,6624 ,5122 ,3241 ,4493 ,6892 ,7220 ,5559 ,8925 ,5875 ,7666 ,7029 ,7137 ,4211 ,7499 ,5713 ,6854 ,6294 ,6336 ,6321 ,7279 ,7283 ,8945 ,6500 ,8601 ,4886 ,6093 ,4602 ,4138 ,7055 ,7296 ,6552 ,6466 ,7145 ,7785 ,8445 ,4840 ,5487 ,7006 ,4518 ,6392 ,7350 ,5398 ,5672 ,5589 ,9129 ,8196 ,3325 ,6462 ,5894 ,6423 ,4758 ,5941 ,5767 ,6386 ,7891 ,8320 ,6959 ,8702 ,6859 ,6724 ,6485 ,4949 ,8325 ,5912 ,6931 ,7743 ,7473 ,9653 ,5000 ,10159 ,7303 ,8504 ,6213 ,7603 ,6564 ,6914 ,6950 ,7892 ,6009 ,7231 ,5857 ,8187 ,6308 ,6624 ,7766 ,6038 ,6096 ,8297 ,5567 ,8169 ,7570 
NN3-079,N1887MI012,1979,1,12 ,complete,6780 ,6041 ,6732 ,6045 ,6360 ,5387 ,5296 ,6069 ,5638 ,6085 ,5236 ,4898 ,5123 ,5283 ,5732 ,4467 ,4072 ,3604 ,3931 ,4012 ,4979 ,5036 ,4731 ,4654 ,4589 ,5000 ,5820 ,4346 ,5013 ,4624 ,4341 ,4950 ,4906 ,4913 ,4234 ,3956 ,4599 ,4220 ,4628 ,4359 ,4454 ,4636 ,4075 ,4514 ,4744 ,3930 ,4105 ,4082 ,3951 ,4207 ,4746 ,4390 ,4387 ,4702 ,4067 ,5110 ,5116 ,5411 ,4745 ,4415 ,5326 ,5261 ,5414 ,5002 ,5013 ,5129 ,4414 ,5216 ,4544 ,5524 ,4990 ,4415 ,4674 ,5086 ,4788 ,4643 ,4907 ,4136 ,4193 ,4519 ,5147 ,5229 ,4620 ,4208 ,4820 ,4350 ,5272 ,4727 ,4916 ,4440 ,4544 ,5056 ,4818 ,5325 ,4373 ,4671 ,4884 ,4983 ,5483 ,4817 ,4893 ,4734 ,4856 ,4907 ,5166 ,5552 ,5027 ,5223 ,4780 ,5029 ,5624 ,4910 ,5165 ,5015 ,4853 ,5162 ,4889 ,5053 ,5483 ,4543 ,5408 ,5170 ,5549 ,5564 ,4945 ,4992 ,4632 ,4976 ,5070 ,5222 ,5467 ,4533 ,4789 ,4760 ,4849 ,4322 ,4846 ,4549 ,4113 ,4486 ,4669 ,5259 ,4411 ,3572 
NN3-080,N1934MI059,1982,1,12 ,complete,4080 ,4162 ,4200 ,4156 ,4129 ,4064 ,4070 ,4175 ,4364 ,4179 ,4098 ,4270 ,4035 ,4251 ,4342 ,4360 ,4268 ,4230 ,4285 ,4324 ,4321 ,4300 ,4387 ,4606 ,4424 ,4494 ,4602 ,4717 ,4715 ,4658 ,4560 ,4509 ,4573 ,4515 ,4590 ,4594 ,4533 ,4637 ,4733 ,4508 ,4415 ,4633 ,4680 ,4687 ,4699 ,4850 ,4870 ,4765 ,4842 ,4959 ,4846 ,4886 ,4748 ,4605 ,4615 ,4722 ,4840 ,4929 ,5038 ,4905 ,5039 ,5112 ,5203 ,5181 ,5097 ,4927 ,4928 ,4755 ,4855 ,4787 ,4823 ,4840 ,4867 ,4950 ,4994 ,4939 ,4894 ,4685 ,4677 ,4765 ,4823 ,4951 ,4979 ,4999 ,4896 ,4818 ,4837 ,4810 ,4740 ,4746 ,4748 ,4797 ,4762 ,4908 ,4934 ,4898 ,5022 ,5022 ,5020 ,4961 ,5043 ,4831 ,4783 ,4752 ,4810 ,4834 ,4809 ,4734 ,4925 ,4949 ,4946 ,4849 ,4600 ,4699 ,4684 ,4793 ,4786 ,4741 ,4710 ,4616 ,4603 ,4567 ,4608 ,4730 ,4731 ,4678 ,4606 ,4418 ,4419 ,4365 ,4263 ,4206 ,4211 ,4187 ,4240 ,4407 ,4593 ,4673 ,4599 ,4488 ,4516 ,4364 ,4303 ,2113 
NN3-081,N1935MI060,1978,1,12 ,complete,2041 ,1982 ,2216 ,2159 ,2768 ,2636 ,2818 ,2641 ,2393 ,2575 ,2310 ,2251 ,2183 ,1796 ,2355 ,2183 ,2919 ,2386 ,2384 ,2461 ,2358 ,2181 ,2145 ,1820 ,1716 ,2178 ,2115 ,1546 ,1723 ,1959 ,2067 ,1897 ,2037 ,2046 ,2105 ,1886 ,1784 ,2001 ,2280 ,2313 ,2341 ,2204 ,1987 ,1097 ,1558 ,1782 ,1718 ,1395 ,1251 ,1381 ,1418 ,1869 ,2001 ,2096 ,2063 ,2096 ,2270 ,1789 ,2162 ,1843 ,2074 ,2202 ,2490 ,2089 ,2721 ,2594 ,2473 ,2572 ,2495 ,2638 ,2577 ,2089 ,2221 ,2679 ,2615 ,2591 ,2532 ,2766 ,2837 ,2811 ,3063 ,2797 ,2605 ,2615 ,2282 ,2808 ,2860 ,991 ,3377 ,3410 ,3110 ,3087 ,3085 ,3292 ,2705 ,2452 ,2627 ,2735 ,3127 ,3257 ,3394 ,3330 ,3762 ,3002 ,3148 ,2388 ,1895 ,1808 ,2544 ,2884 ,3136 ,3051 ,3144 ,3264 ,3136 ,2790 ,3420 ,2983 ,2856 ,2705 ,2339 ,2676 ,3158 ,2799 ,2971 ,3318 ,2884 ,2799 ,2846 ,2872 ,2695 ,2190 ,6026 ,5036 ,5868 ,5405 ,5432 ,5301 ,4205 ,6479 ,5146 ,5766 ,5778 ,3913 
NN3-082,N1943MI068,1983,1,12 ,complete,,,,,,,,,,,4692 ,5564 ,5652 ,5644 ,5864 ,6080 ,6116 ,5732 ,5188 ,4988 ,4788 ,4880 ,4852 ,5284 ,5556 ,5472 ,5044 ,4852 ,4624 ,4648 ,4696 ,4532 ,4700 ,4896 ,5004 ,5132 ,5304 ,5184 ,5392 ,5808 ,5700 ,5160 ,4712 ,4496 ,4264 ,4536 ,4720 ,4560 ,4748 ,5228 ,5384 ,4976 ,5132 ,5100 ,5188 ,5012 ,4948 ,4772 ,4728 ,4904 ,4896 ,4908 ,4852 ,4860 ,4984 ,5104 ,5528 ,5128 ,5044 ,5108 ,5192 ,5236 ,5264 ,5368 ,5280 ,5428 ,5624 ,5544 ,5708 ,5620 ,5548 ,5344 ,5436 ,5628 ,5680 ,6172 ,6396 ,6520 ,6684 ,6512 ,6428 ,6272 ,5512 ,5536 ,5648 ,5792 ,5868 ,5980 ,5672 ,5496 ,5728 ,5596 ,5444 ,5072 ,5012 ,5112 ,5176 ,5120 ,5028 ,5196 ,5776 ,6680 ,6464 ,5268 ,5568 ,5492 ,5520 ,5732 ,5948 ,6564 ,6792 ,6844 ,6712 ,6472 ,6680 ,6836 ,7064 ,6884 ,7100 ,7452 ,8064 ,9212 ,10364 ,10544 ,9896 ,9216 ,8896 ,9148 ,9484 ,9096 ,9648 ,10352 ,10800 ,10620 
NN3-083,N1989MI114,1979,1,12 ,complete,4580 ,4880 ,4960 ,5060 ,4960 ,5240 ,5320 ,5380 ,5260 ,5360 ,5260 ,5560 ,5460 ,4940 ,5040 ,4900 ,4520 ,4600 ,4100 ,4540 ,4980 ,4840 ,4620 ,5200 ,5080 ,4400 ,4560 ,4420 ,4420 ,4640 ,4660 ,4260 ,3860 ,3660 ,3640 ,3880 ,4140 ,4480 ,4940 ,4300 ,4220 ,4420 ,3900 ,3920 ,3600 ,3800 ,3720 ,3580 ,3880 ,4140 ,4220 ,3600 ,3780 ,4240 ,4140 ,4420 ,4520 ,4300 ,4240 ,3900 ,4920 ,4580 ,4840 ,5200 ,4280 ,4500 ,4420 ,4520 ,4440 ,3980 ,3920 ,4240 ,4220 ,4560 ,5300 ,4760 ,4960 ,4960 ,4780 ,4380 ,4800 ,4900 ,4080 ,4320 ,3700 ,3620 ,4020 ,4280 ,4920 ,4460 ,4540 ,3880 ,3800 ,3580 ,3300 ,3760 ,5300 ,5020 ,4960 ,5320 ,4960 ,5000 ,5060 ,4960 ,4840 ,4820 ,4740 ,4960 ,4500 ,4740 ,4860 ,4560 ,4360 ,4280 ,4620 ,4300 ,4300 ,3780 ,4120 ,4340 ,4540 ,4440 ,4760 ,4420 ,4980 ,4860 ,4820 ,4820 ,4480 ,4500 ,5080 ,4140 ,4600 ,4660 ,4000 ,3900 ,3980 ,3880 ,3560 ,3380 ,3280 ,3900 ,3820 ,3920 
NN3-084,N1990MI115,1979,1,12 ,complete,,,,,5370 ,5360 ,5525 ,5380 ,5275 ,5670 ,5525 ,5795 ,5315 ,5185 ,4995 ,4930 ,4620 ,4480 ,4320 ,4310 ,4650 ,4980 ,4955 ,5285 ,4605 ,4535 ,4750 ,4810 ,4800 ,4715 ,4455 ,4350 ,4295 ,4120 ,3825 ,3845 ,3885 ,3905 ,4075 ,4260 ,4105 ,3995 ,4040 ,3715 ,3540 ,3905 ,3825 ,3675 ,4040 ,3870 ,4120 ,4170 ,4325 ,4005 ,4390 ,4335 ,4360 ,4315 ,4280 ,3990 ,3935 ,4430 ,4640 ,4945 ,4800 ,4805 ,4560 ,4500 ,4605 ,4410 ,4350 ,4595 ,4340 ,4315 ,4710 ,4815 ,4750 ,4610 ,4650 ,4365 ,4330 ,4475 ,4115 ,4475 ,4035 ,3845 ,4565 ,4400 ,4465 ,4495 ,4480 ,4435 ,4360 ,4225 ,4110 ,4615 ,4505 ,4585 ,4700 ,4500 ,4625 ,4560 ,4850 ,5035 ,5005 ,5060 ,5145 ,5195 ,4265 ,4155 ,4525 ,4460 ,4225 ,4205 ,4345 ,4390 ,4535 ,4555 ,4490 ,4480 ,5195 ,4985 ,5140 ,5115 ,4940 ,4860 ,5155 ,4925 ,4960 ,5040 ,4670 ,4880 ,4610 ,4820 ,4780 ,4695 ,4825 ,4795 ,5075 ,4960 ,4960 ,4935 ,4855 ,5135 
NN3-085,N2003MI128,1979,1,12 ,complete,4780 ,4010 ,4400 ,4680 ,4900 ,4820 ,4610 ,4740 ,4720 ,4930 ,5080 ,4410 ,5090 ,5070 ,4940 ,4710 ,4330 ,4320 ,3730 ,4220 ,4750 ,4920 ,3940 ,4910 ,5070 ,4320 ,4640 ,4310 ,4170 ,4080 ,4080 ,3690 ,4480 ,4130 ,4040 ,4710 ,3060 ,3880 ,5210 ,4480 ,2950 ,2920 ,2420 ,2660 ,2810 ,2650 ,2610 ,2590 ,2770 ,2680 ,2920 ,3130 ,3680 ,2990 ,2940 ,3520 ,3530 ,3450 ,3720 ,3680 ,3320 ,3900 ,4720 ,4080 ,4670 ,4380 ,4460 ,3660 ,3730 ,4880 ,4510 ,3430 ,4040 ,4180 ,4390 ,4170 ,4370 ,4230 ,4040 ,4770 ,4260 ,3750 ,3220 ,4300 ,3590 ,3410 ,3730 ,3570 ,4250 ,3780 ,3630 ,4470 ,4510 ,4880 ,4920 ,4970 ,4720 ,4680 ,4750 ,4640 ,4670 ,4010 ,4250 ,3850 ,4800 ,4110 ,4140 ,4220 ,3880 ,3870 ,4290 ,3860 ,3440 ,3280 ,3600 ,4700 ,5380 ,5800 ,5160 ,5710 ,5110 ,4770 ,4160 ,4280 ,3450 ,4310 ,3880 ,4630 ,5000 ,5020 ,4660 ,5180 ,3860 ,4140 ,4210 ,3860 ,4480 ,3830 ,4880 ,5100 ,4630 ,5270 ,4860 ,2950 
NN3-086,N2004MI129,1979,1,12 ,complete,4094 ,4005 ,4614 ,4833 ,4502 ,4418 ,4521 ,4513 ,4298 ,4084 ,4535 ,4814 ,4512 ,4713 ,4682 ,4640 ,4499 ,4189 ,3813 ,3707 ,4372 ,4295 ,4798 ,5064 ,4471 ,4908 ,4429 ,4457 ,4514 ,4377 ,4405 ,3922 ,4534 ,4289 ,3952 ,4153 ,3463 ,3707 ,3803 ,3655 ,3793 ,3675 ,3735 ,3618 ,3515 ,3872 ,3455 ,3778 ,4025 ,4146 ,4113 ,4188 ,4148 ,4200 ,4335 ,3946 ,4067 ,5029 ,4682 ,4801 ,4918 ,4667 ,4813 ,4643 ,5489 ,4929 ,4775 ,4661 ,4453 ,4294 ,4067 ,4690 ,4486 ,4871 ,5244 ,5067 ,5340 ,5135 ,4749 ,4643 ,4513 ,5592 ,5420 ,5565 ,5715 ,5235 ,5436 ,5567 ,5459 ,5720 ,5941 ,5531 ,5883 ,5568 ,5610 ,6577 ,5638 ,5659 ,5820 ,6050 ,5912 ,6311 ,6306 ,6651 ,7047 ,6525 ,6128 ,6566 ,7877 ,7480 ,7266 ,7496 ,8266 ,7982 ,7802 ,7139 ,6614 ,6676 ,7224 ,6687 ,8555 ,8704 ,8746 ,8508 ,8147 ,8766 ,8657 ,8746 ,8928 ,8704 ,8694 ,8751 ,5895 ,6156 ,6106 ,6036 ,6009 ,6141 ,6125 ,6273 ,6148 ,6212 ,6335 ,6485 
NN3-087,N2008MI133,1982,1,12 ,complete,,,,,,3990 ,4080 ,3640 ,3200 ,2880 ,2900 ,2995 ,2785 ,2455 ,2400 ,2280 ,4750 ,3890 ,3530 ,3525 ,2945 ,2980 ,2740 ,3030 ,2165 ,2495 ,2850 ,3575 ,3930 ,3675 ,2850 ,4100 ,4135 ,4880 ,4180 ,4135 ,3645 ,3730 ,4990 ,5055 ,7530 ,7420 ,6445 ,6325 ,6535 ,5795 ,4970 ,4725 ,3050 ,2660 ,2370 ,2400 ,2345 ,2070 ,2055 ,2285 ,2320 ,2225 ,2270 ,2205 ,1990 ,1790 ,2380 ,2285 ,2385 ,2450 ,2575 ,2065 ,2275 ,2445 ,2235 ,2345 ,2200 ,1930 ,1715 ,2085 ,2170 ,2415 ,2295 ,1820 ,1975 ,1735 ,1565 ,2050 ,1930 ,1425 ,1795 ,1815 ,1985 ,2250 ,2445 ,2320 ,2170 ,2290 ,1990 ,2260 ,2040 ,2130 ,2145 ,2490 ,2720 ,2545 ,1975 ,2035 ,2155 ,2205 ,2125 ,2505 ,2065 ,1865 ,1475 ,1375 ,1840 ,2140 ,2495 ,2725 ,2670 ,2850 ,2660 ,2935 ,2480 ,1815 ,1630 ,1810 ,1870 ,1955 ,1390 ,1960 ,1865 ,1200 ,1865 ,2045 ,1765 ,1685 ,1535 ,1725 ,1825 ,1940 ,2130 ,2530 ,2235 ,2265 ,2225 ,2230 
NN3-088,N2011MI136,1977,1,12 ,complete,,,,,,,,,,,,,,,,,,,,,,,,,,,,,,,,,,,,,,,,,,,,,,,,,2992 ,3256 ,4290 ,4190 ,4080 ,4162 ,3688 ,3846 ,3838 ,4008 ,4254 ,3944 ,3750 ,3596 ,4238 ,4308 ,4350 ,4386 ,4086 ,3878 ,4294 ,4334 ,3944 ,4368 ,4578 ,4242 ,5222 ,4888 ,4878 ,4830 ,4614 ,4800 ,4780 ,4690 ,4360 ,4710 ,4576 ,4634 ,3832 ,4360 ,3616 ,3224 ,3934 ,3610 ,4122 ,4498 ,4212 ,4520 ,4078 ,4068 ,5298 ,4544 ,4448 ,4526 ,4248 ,4142 ,4502 ,4460 ,3930 ,3670 ,3192 ,3606 ,3926 ,3760 ,3950 ,3830 ,3920 ,4002 ,4178 ,3938 ,3820 ,3194 ,3682 ,3920 ,4442 ,4168 ,4202 ,4258 ,3934 ,3922 ,4212 ,4470 ,4498 ,4042 ,4300 ,4522 ,4810 ,4742 ,4780 ,4618 ,4308 ,4418 ,4720 ,4548 ,4058 ,4162 
NN3-089,N2026MI151,1981,1,12 ,complete,1370 ,1480 ,1440 ,1530 ,1760 ,1890 ,1890 ,2030 ,1910 ,1950 ,2140 ,1870 ,1910 ,1960 ,2020 ,2050 ,2080 ,2040 ,1880 ,2100 ,1880 ,1920 ,1950 ,1770 ,1860 ,1920 ,1930 ,1980 ,2080 ,2010 ,2090 ,2120 ,1930 ,1860 ,1920 ,1700 ,1510 ,1420 ,1540 ,1570 ,1460 ,1590 ,1530 ,1590 ,1600 ,1640 ,1610 ,1740 ,1650 ,1720 ,1910 ,1650 ,1750 ,1920 ,1860 ,1800 ,1840 ,1750 ,1900 ,1630 ,1650 ,1570 ,1430 ,1490 ,1640 ,1710 ,1760 ,1950 ,1860 ,1760 ,1750 ,1760 ,1830 ,2000 ,1970 ,1860 ,1830 ,1770 ,1730 ,1770 ,1670 ,1610 ,1620 ,1700 ,1620 ,1650 ,1690 ,1690 ,1600 ,1750 ,1940 ,1990 ,1980 ,1610 ,1700 ,1720 ,1780 ,1780 ,1790 ,1900 ,1620 ,1640 ,1910 ,1930 ,2050 ,1870 ,1880 ,1930 ,1920 ,2150 ,2020 ,1960 ,1840 ,2140 ,2090 ,2180 ,2280 ,2100 ,2010 ,2260 ,2010 ,2160 ,2160 ,1980 ,2100 ,2140 ,2200 ,2320 ,1920 ,1970 ,1950 ,2190 ,2470 ,2450 ,2360 ,2250 ,2400 ,2300 ,2250 ,2450 ,2280 ,2200 ,2140 ,1940 
NN3-090,N2081MI206,1982,1,12 ,complete,3690 ,3690 ,4250 ,4410 ,4170 ,3990 ,3980 ,4070 ,3960 ,4080 ,4060 ,3680 ,4070 ,3940 ,4160 ,4030 ,4110 ,4110 ,4080 ,4000 ,4140 ,4320 ,4560 ,3860 ,3560 ,3910 ,4070 ,4080 ,4110 ,4300 ,4360 ,4560 ,4500 ,4470 ,4490 ,4200 ,4110 ,4150 ,4360 ,4120 ,4240 ,4280 ,4300 ,4170 ,4200 ,4230 ,4320 ,4050 ,4160 ,4410 ,4750 ,4550 ,4530 ,4630 ,4860 ,4850 ,4890 ,5060 ,5010 ,4970 ,4970 ,4830 ,4810 ,4720 ,4740 ,4590 ,4670 ,4770 ,5020 ,4980 ,5100 ,4990 ,4550 ,4280 ,4620 ,4530 ,4610 ,4560 ,4690 ,4660 ,4660 ,4710 ,4610 ,4380 ,4440 ,4330 ,4320 ,4420 ,4540 ,4460 ,4740 ,4830 ,4790 ,5020 ,5120 ,4090 ,4320 ,4660 ,4940 ,4670 ,4690 ,4730 ,5090 ,4840 ,4980 ,5110 ,5050 ,5210 ,5040 ,4740 ,4430 ,4400 ,4670 ,4840 ,4700 ,4760 ,4970 ,4770 ,4810 ,4880 ,4490 ,4280 ,4370 ,4170 ,4520 ,4460 ,4640 ,4540 ,4780 ,4740 ,4620 ,4310 ,4100 ,4230 ,4140 ,4130 ,4250 ,4480 ,4610 ,4330 ,4090 ,4020 ,4040 ,4020 
NN3-091,N2094MI219,1982,12,12 ,complete,,,,,,,,,,,5045 ,5020 ,5035 ,5065 ,5085 ,5095 ,5100 ,5130 ,5140 ,5195 ,5270 ,5255 ,5180 ,5265 ,5300 ,5305 ,5340 ,5335 ,5335 ,5345 ,5285 ,5310 ,5255 ,5225 ,5200 ,5155 ,5125 ,5115 ,5150 ,5120 ,5095 ,5085 ,5090 ,5100 ,5115 ,5120 ,5120 ,5125 ,5125 ,5150 ,5120 ,5130 ,5135 ,5075 ,5015 ,5050 ,5045 ,5050 ,5095 ,5095 ,5110 ,5170 ,5195 ,5265 ,5320 ,5345 ,5395 ,5430 ,5450 ,5460 ,5500 ,5555 ,5580 ,5590 ,5610 ,5650 ,5670 ,5690 ,5650 ,5675 ,5695 ,5730 ,5715 ,5600 ,5610 ,5610 ,5605 ,5655 ,5735 ,5750 ,5750 ,5790 ,5795 ,5765 ,5780 ,5785 ,5780 ,5785 ,5775 ,5780 ,5785 ,5760 ,5765 ,5780 ,5790 ,5805 ,5785 ,5735 ,5720 ,5705 ,5715 ,5695 ,5740 ,5820 ,5825 ,5825 ,5840 ,5910 ,5950 ,5995 ,6015 ,6045 ,6090 ,6100 ,6130 ,6100 ,6085 ,6040 ,5970 ,5995 ,5980 ,5955 ,5955 ,5960 ,5855 ,5920 ,5900 ,5900 ,5845 ,5865 ,5755 ,5725 ,5670 ,5625 
NN3-092,N2103MI228,1983,1,12 ,complete,,,,,,,,,,,,2780 ,2760 ,2720 ,2720 ,2660 ,2640 ,2640 ,2660 ,2700 ,2760 ,2780 ,2740 ,2720 ,2680 ,2660 ,2620 ,2600 ,2580 ,2600 ,2640 ,2720 ,2800 ,2860 ,2800 ,2780 ,2740 ,2660 ,2580 ,2500 ,2440 ,2420 ,2420 ,2460 ,2520 ,2520 ,2520 ,2500 ,2480 ,2440 ,2420 ,2400 ,2380 ,2400 ,2460 ,2560 ,2640 ,2680 ,2680 ,2640 ,2580 ,2500 ,2440 ,2380 ,2380 ,2400 ,2440 ,2520 ,2580 ,2580 ,2540 ,2500 ,2440 ,2380 ,2320 ,2280 ,2260 ,2280 ,2360 ,2480 ,2600 ,2680 ,2700 ,2680 ,2620 ,2540 ,2480 ,2460 ,2480 ,2520 ,2640 ,2800 ,2960 ,3120 ,3200 ,3100 ,2900 ,2780 ,2680 ,2700 ,2760 ,2800 ,2840 ,2780 ,2620 ,2540 ,2340 ,2340 ,2340 ,2280 ,2260 ,2260 ,2280 ,2360 ,2480 ,2560 ,2700 ,2780 ,2760 ,2700 ,2530 ,2500 ,2500 ,2580 ,2640 ,2680 ,2700 ,2700 ,2680 ,2620 ,2560 ,2500 ,2460 ,2440 ,2520 ,2600 ,2620 ,2560 ,2500 ,2540 ,2620 ,2720 ,2720 ,2720 
NN3-093,N2105MI230,1978,1,12 ,complete,3480 ,1020 ,560 ,4940 ,7130 ,9480 ,11230 ,10900 ,9340 ,6900 ,2220 ,1030 ,1490 ,230 ,90 ,670 ,2380 ,4970 ,5500 ,6120 ,4960 ,20720 ,18150 ,9800 ,6910 ,8520 ,8820 ,14570 ,10340 ,11100 ,8060 ,20360 ,14680 ,12090 ,14820 ,19780 ,13910 ,25040 ,10400 ,7710 ,9090 ,3280 ,14500 ,26920 ,26180 ,35940 ,18990 ,16870 ,18410 ,17870 ,14100 ,8410 ,16370 ,13710 ,10590 ,18680 ,12360 ,3300 ,6510 ,4220 ,16510 ,3250 ,7990 ,490 ,5210 ,4270 ,2900 ,12960 ,30810 ,17640 ,19870 ,34050 ,17030 ,13170 ,24420 ,13000 ,8940 ,10630 ,4670 ,11220 ,38050 ,19510 ,21640 ,25630 ,15370 ,9840 ,2740 ,800 ,6560 ,3590 ,8410 ,11550 ,2040 ,6090 ,8430 ,280 ,3370 ,250 ,420 ,1780 ,1030 ,600 ,3480 ,27250 ,27820 ,36050 ,31270 ,31920 ,2750 ,35970 ,39520 ,37350 ,23350 ,1620 ,16710 ,20160 ,22250 ,37230 ,39440 ,35110 ,21410 ,15760 ,34310 ,19660 ,10840 ,26940 ,25580 ,5410 ,19220 ,4850 ,6840 ,33610 ,640 ,690 ,4790 ,30860 ,22380 ,17140 ,22570 ,21310 ,19260 ,11090 ,11040 ,22420 
NN3-094,N2106MI231,1983,1,12 ,complete,,,,,,,,,,,4935 ,5585 ,5790 ,6355 ,6430 ,6545 ,6530 ,7090 ,7055 ,6935 ,7175 ,6610 ,6615 ,6375 ,6925 ,7255 ,7090 ,7155 ,7005 ,6565 ,6200 ,5620 ,5590 ,5415 ,5570 ,5545 ,5630 ,5775 ,5685 ,5675 ,5550 ,5015 ,4800 ,4450 ,4860 ,4965 ,4930 ,4990 ,4835 ,4905 ,5160 ,5140 ,4090 ,3450 ,3020 ,2900 ,3270 ,3430 ,3100 ,3065 ,3095 ,3400 ,3795 ,3725 ,3355 ,2970 ,3240 ,3415 ,3655 ,3785 ,3665 ,4040 ,4010 ,4005 ,4065 ,5120 ,5775 ,5670 ,5640 ,5720 ,5210 ,5320 ,5650 ,5435 ,5580 ,5345 ,5555 ,5155 ,5120 ,4740 ,4735 ,4590 ,4795 ,4710 ,4695 ,4845 ,4960 ,5440 ,5675 ,5820 ,5630 ,5010 ,4745 ,4540 ,4495 ,4670 ,4685 ,4765 ,5095 ,5100 ,4920 ,4765 ,4510 ,5020 ,4870 ,4855 ,4875 ,4775 ,5040 ,5110 ,5445 ,5145 ,5230 ,5350 ,4820 ,4415 ,4450 ,4190 ,4100 ,4280 ,4285 ,4205 ,4335 ,4635 ,4540 ,4225 ,4600 ,4690 ,4570 ,4735 ,5160 ,5765 ,5965 ,5880 
NN3-095,N2110MI235,1978,1,12 ,complete,1860 ,3880 ,2660 ,3080 ,3300 ,6300 ,3140 ,2940 ,4940 ,4240 ,3360 ,5400 ,3280 ,3780 ,4400 ,4520 ,4820 ,3040 ,3940 ,2820 ,2860 ,3860 ,2900 ,4960 ,5300 ,5060 ,5300 ,4700 ,5300 ,4900 ,5840 ,3800 ,5240 ,3720 ,4300 ,6620 ,4840 ,5560 ,7340 ,6240 ,7200 ,4500 ,3360 ,4100 ,4260 ,4820 ,5280 ,4160 ,4340 ,4680 ,3620 ,4420 ,6000 ,4880 ,3360 ,7340 ,2900 ,3920 ,1800 ,2780 ,2180 ,2860 ,4440 ,4040 ,3980 ,4980 ,3260 ,4420 ,5660 ,4180 ,3420 ,3260 ,2720 ,2000 ,4200 ,3920 ,3820 ,3920 ,2840 ,3480 ,5140 ,3000 ,3120 ,2780 ,2140 ,2640 ,3720 ,2860 ,3220 ,2680 ,3040 ,3440 ,4440 ,3780 ,2640 ,2560 ,2520 ,1480 ,2260 ,1880 ,1920 ,4080 ,5480 ,7060 ,7580 ,5120 ,4040 ,2940 ,3120 ,3720 ,3320 ,3620 ,5080 ,2300 ,5280 ,4300 ,3980 ,5040 ,4700 ,3160 ,3720 ,2720 ,3720 ,3020 ,4400 ,2520 ,3380 ,2280 ,3260 ,4700 ,4760 ,5480 ,4620 ,4240 ,6160 ,4120 ,6900 ,4020 ,5400 ,3560 ,5460 ,5580 ,5220 ,5200 
NN3-096,N2117MI242,1978,1,12 ,complete,1640 ,3490 ,4025 ,5790 ,5210 ,6110 ,3795 ,4865 ,4450 ,3415 ,810 ,1100 ,865 ,2640 ,2640 ,1705 ,6100 ,3915 ,3785 ,5645 ,5030 ,2775 ,1910 ,4470 ,2310 ,2950 ,6155 ,1965 ,2080 ,3640 ,2030 ,4845 ,3165 ,2345 ,1185 ,1380 ,2225 ,4300 ,5080 ,6650 ,3910 ,5330 ,2240 ,3220 ,1640 ,645 ,265 ,415 ,1370 ,4910 ,5300 ,6480 ,3990 ,2140 ,800 ,2710 ,1585 ,1345 ,1870 ,420 ,3600 ,8470 ,6105 ,9650 ,7240 ,9460 ,7470 ,7020 ,8210 ,7870 ,2545 ,895 ,1880 ,2005 ,6445 ,6355 ,7285 ,5570 ,3890 ,645 ,980 ,2545 ,275 ,505 ,315 ,5480 ,4210 ,6030 ,3510 ,1570 ,1930 ,865 ,300 ,295 ,2445 ,5825 ,3115 ,5245 ,4925 ,5730 ,2015 ,4740 ,4635 ,6330 ,4135 ,5765 ,2135 ,5080 ,6350 ,3420 ,5480 ,6470 ,6475 ,5065 ,5970 ,4315 ,3465 ,2450 ,6300 ,4035 ,6935 ,2005 ,620 ,1775 ,1885 ,6670 ,5645 ,5410 ,1565 ,5470 ,3280 ,6785 ,4085 ,6466 ,6744 ,6424 ,5172 ,889 ,1787 ,5726 ,8854 ,3313 ,6747 ,3571 
NN3-097,N2130MI255,1978,1,12 ,complete,4093 ,5802 ,8459 ,7008 ,7948 ,3758 ,5961 ,6254 ,4259 ,5671 ,4027 ,5594 ,6712 ,4794 ,7069 ,6270 ,6149 ,6510 ,6060 ,6717 ,7185 ,7707 ,7000 ,7066 ,8504 ,7966 ,7918 ,8392 ,7199 ,7466 ,6395 ,5390 ,5384 ,6473 ,5500 ,7228 ,5847 ,8325 ,6666 ,8718 ,8614 ,8045 ,6616 ,8676 ,5990 ,7192 ,6111 ,5498 ,6829 ,7014 ,6254 ,5977 ,7492 ,6490 ,6480 ,7075 ,7904 ,7351 ,8265 ,5700 ,6236 ,6846 ,6427 ,7166 ,7266 ,4958 ,5515 ,5328 ,6815 ,7498 ,6169 ,7090 ,7076 ,7238 ,9178 ,8179 ,7959 ,5807 ,10109 ,5454 ,6427 ,9501 ,5618 ,5708 ,7365 ,6285 ,7027 ,6052 ,6957 ,6828 ,7070 ,5781 ,6778 ,6749 ,6194 ,6120 ,7676 ,5996 ,9852 ,8619 ,7143 ,6790 ,8950 ,6634 ,8215 ,6742 ,6788 ,6389 ,6897 ,6575 ,8995 ,6638 ,7636 ,5634 ,5823 ,6141 ,5083 ,7062 ,5698 ,5207 ,6521 ,7167 ,8060 ,9055 ,8435 ,8793 ,7987 ,7873 ,5860 ,5642 ,6792 ,7959 ,6610 ,5966 ,8290 ,7170 ,7193 ,7124 ,7394 ,6790 ,7070 ,7634 ,6964 ,7053 
NN3-098,N2132MI257,1978,1,12 ,complete,3528 ,3671 ,3779 ,3968 ,4279 ,4036 ,4788 ,3815 ,3641 ,4361 ,2922 ,2932 ,5833 ,4255 ,3935 ,4092 ,4826 ,3546 ,3878 ,4459 ,4367 ,5331 ,3544 ,3263 ,3992 ,4662 ,5263 ,4947 ,3674 ,5567 ,3495 ,3412 ,3694 ,4463 ,3546 ,3040 ,4623 ,6025 ,4321 ,3303 ,3919 ,3041 ,3017 ,4375 ,4405 ,3795 ,3122 ,1765 ,4254 ,2256 ,2775 ,3083 ,3377 ,3404 ,2412 ,5702 ,3476 ,3947 ,3963 ,1594 ,3252 ,2663 ,3132 ,4078 ,3324 ,3035 ,3890 ,3696 ,2921 ,4895 ,5159 ,3082 ,4053 ,5936 ,5444 ,3768 ,3582 ,3120 ,6744 ,5020 ,4516 ,4618 ,5285 ,3585 ,4397 ,5843 ,3674 ,4451 ,4682 ,4596 ,4742 ,6388 ,4576 ,4125 ,6502 ,4576 ,4424 ,3589 ,5468 ,6467 ,5797 ,4088 ,5544 ,6221 ,5375 ,6026 ,5702 ,3577 ,4305 ,6856 ,6188 ,3372 ,6838 ,5175 ,7304 ,6509 ,4133 ,5570 ,5899 ,4509 ,4541 ,3944 ,5496 ,5983 ,5460 ,5629 ,5900 ,5789 ,6121 ,4826 ,3665 ,1574 ,4381 ,3452 ,3723 ,5815 ,4861 ,3310 ,6128 ,5525 ,3466 ,4570 ,4005 ,4849 
NN3-099,N2138MI263,1983,1,12 ,complete,,,,,,,,,,,,3125 ,1860 ,2815 ,2820 ,3440 ,4025 ,2810 ,3120 ,3600 ,2875 ,3355 ,3755 ,3130 ,3315 ,3415 ,3030 ,4495 ,4770 ,4785 ,4260 ,3510 ,4620 ,4040 ,4130 ,3415 ,3485 ,3780 ,4065 ,3470 ,4425 ,4280 ,6335 ,3345 ,3825 ,4920 ,4340 ,6600 ,4460 ,5925 ,5315 ,4800 ,4490 ,4015 ,5055 ,3760 ,4820 ,3515 ,5770 ,3655 ,3640 ,3990 ,4500 ,3190 ,6290 ,5365 ,4310 ,3895 ,4045 ,3910 ,5045 ,3245 ,3150 ,3620 ,4515 ,5030 ,6440 ,4075 ,3995 ,4675 ,2895 ,4030 ,4820 ,9435 ,3840 ,5530 ,3925 ,5630 ,6300 ,5505 ,6165 ,3770 ,5270 ,4940 ,6090 ,5585 ,5685 ,5225 ,6370 ,5965 ,5820 ,5430 ,5160 ,3960 ,6160 ,4340 ,4130 ,3660 ,4255 ,4315 ,4310 ,6260 ,6300 ,4285 ,3615 ,2925 ,3340 ,4865 ,3380 ,3895 ,4585 ,3720 ,3535 ,4845 ,3875 ,4685 ,3225 ,4935 ,4780 ,4085 ,4545 ,3580 ,4255 ,4090 ,3710 ,3865 ,6010 ,6470 ,4500 ,4015 ,5480 ,3375 ,5045 ,1895 
NN3-100,N2173MI298,1983,1,12 ,complete,,,,,,,,,,,3765 ,3680 ,3265 ,2950 ,2975 ,3225 ,3270 ,3425 ,3575 ,3455 ,3335 ,3725 ,3895 ,4145 ,4490 ,4280 ,3785 ,3295 ,3290 ,3530 ,4345 ,4340 ,4950 ,5395 ,4895 ,4255 ,3910 ,3895 ,3910 ,3300 ,3780 ,3830 ,3505 ,3505 ,3440 ,3065 ,3085 ,3240 ,2930 ,2900 ,2375 ,2875 ,3575 ,3725 ,3600 ,3695 ,3245 ,3700 ,3350 ,2670 ,2960 ,2830 ,2825 ,2920 ,2930 ,3385 ,3350 ,3485 ,3140 ,2960 ,2850 ,2995 ,2695 ,2950 ,2890 ,3040 ,2945 ,3650 ,3995 ,3540 ,3435 ,3345 ,3005 ,2760 ,2890 ,2745 ,3180 ,3365 ,3660 ,3890 ,3685 ,4150 ,3930 ,3675 ,3380 ,3195 ,2985 ,2555 ,2830 ,2595 ,2940 ,3185 ,3090 ,2615 ,2785 ,2695 ,3015 ,3185 ,3050 ,2970 ,3295 ,3680 ,3715 ,3785 ,3655 ,3725 ,3545 ,3440 ,3575 ,3570 ,3355 ,3500 ,3275 ,3395 ,3485 ,3390 ,3415 ,3470 ,3200 ,3210 ,3090 ,3045 ,3050 ,3335 ,3345 ,3415 ,3610 ,3500 ,3155 ,3310 ,3170 ,3205 ,3210 ,3215 
NN3_101,2071 ,1982,1,12 ,reduced,4998 ,4480 ,4824 ,4814 ,4602 ,4499 ,4594 ,4600 ,4507 ,4606 ,4503 ,4801 ,4564 ,4142 ,4818 ,4408 ,4496 ,4587 ,4656 ,4799 ,4652 ,4638 ,4650 ,5185 ,5208 ,4477 ,4976 ,4670 ,4842 ,4713 ,4804 ,4996 ,4574 ,4841 ,4688 ,4766 ,4994 ,4514 ,4766 ,4642 ,4806 ,4645 ,4784 ,4979 ,4530 ,4942 ,4651 ,5150 ,4987 ,4532 ,5046 ,4783 ,4958 ,4815 ,5055 ,5152 ,4773 ,5147 ,4866 ,5311 ,5172 ,4734 ,5011 ,4957 ,4968 ,5049 ,5305 ,5067 ,5001 ,5252 ,4903 ,5408 ,5395 ,5150 ,5460 ,4968 ,5021 ,5118 ,5175 ,5420 ,5121 ,5450 ,5286 ,5693 ,5353 ,5017 ,5577 ,4987 ,5129 ,5249 ,5100 ,5382 ,5039 ,5364 ,5193 ,5846 ,5259 ,4809 ,5297 ,5034 ,5243 ,5150 ,5296 ,5596 ,4954 ,5250 ,5009 ,5113 ,5237 ,4575 ,5026 ,4842 ,5019 ,5063 ,5261 ,5327 ,5054 ,5269 ,5019 ,5315 ,5274 ,4899 ,5216 ,5029 ,5110 ,5093 ,5314 ,5248 ,5063 ,5409 ,5127 ,5558 ,5116 ,4922 ,5503 ,5039 ,5116 ,5109 ,5334 ,5324 ,5313 ,5341 ,5306 ,5545 
NN3_102,2088 ,1979,1,12 ,reduced,5033 ,4510 ,3970 ,3378 ,2866 ,2316 ,1895 ,8402 ,8040 ,7534 ,7136 ,6467 ,5662 ,4896 ,4065 ,3296 ,2594 ,2007 ,1514 ,6645 ,6222 ,5474 ,5136 ,4631 ,4164 ,3601 ,2969 ,2504 ,2055 ,1609 ,1298 ,8485 ,8164 ,7814 ,7454 ,6889 ,6284 ,5712 ,5030 ,4488 ,4059 ,3585 ,3200 ,8181 ,8220 ,7866 ,7517 ,7116 ,6616 ,6217 ,5700 ,5179 ,4728 ,4225 ,3781 ,7024 ,6558 ,6258 ,5863 ,5343 ,4756 ,4174 ,3452 ,2849 ,2351 ,1888 ,1417 ,7399 ,7013 ,6645 ,6239 ,5721 ,5138 ,4357 ,3751 ,3324 ,2861 ,2456 ,2028 ,8389 ,7910 ,7686 ,7163 ,6842 ,6449 ,6061 ,5739 ,5363 ,5081 ,4764 ,4523 ,9057 ,8352 ,7683 ,7320 ,6708 ,6205 ,5577 ,4777 ,4280 ,3918 ,3289 ,2394 ,8132 ,8121 ,7791 ,7412 ,6861 ,6197 ,5623 ,4856 ,4304 ,3854 ,3284 ,2862 ,9487 ,9061 ,8878 ,8558 ,8031 ,7405 ,6853 ,6175 ,5342 ,4976 ,4290 ,3493 ,8691 ,8098 ,7579 ,6959 ,6402 ,5645 ,4947 ,4017 ,3488 ,2889 ,2169 ,1614 ,7987 ,7257 ,6928 ,6587 ,5989 
NN3_103,2090 ,1979,1,12 ,reduced,5304 ,4264 ,3224 ,2400 ,1968 ,1532 ,1000 ,55024 ,53804 ,42540 ,26572 ,15748 ,10372 ,8980 ,7212 ,7504 ,3848 ,2684 ,1000 ,43560 ,40320 ,28096 ,17804 ,10008 ,6136 ,4216 ,2424 ,1840 ,1112 ,324 ,100 ,58676 ,54768 ,43624 ,28680 ,15008 ,9028 ,7240 ,4884 ,3812 ,3696 ,2912 ,1200 ,42468 ,41900 ,30180 ,16836 ,9732 ,5728 ,5728 ,3584 ,3068 ,2992 ,1092 ,600 ,28268 ,26652 ,19068 ,10024 ,4636 ,4888 ,5100 ,4664 ,3848 ,3772 ,2964 ,1200 ,50368 ,47796 ,38376 ,17728 ,12832 ,7768 ,5192 ,3896 ,4128 ,3716 ,2500 ,1700 ,5304 ,45856 ,34592 ,19172 ,9496 ,5960 ,4500 ,7560 ,3608 ,2948 ,3148 ,600 ,4196 ,32476 ,21144 ,15652 ,10160 ,7308 ,5568 ,3724 ,4064 ,5024 ,4388 ,1200 ,49504 ,43196 ,30608 ,19300 ,10100 ,5880 ,5248 ,3812 ,3164 ,3872 ,3044 ,1200 ,55896 ,49948 ,35900 ,19352 ,7828 ,4324 ,4104 ,3972 ,2828 ,4304 ,4876 ,1800 ,47228 ,44588 ,28908 ,11260 ,5828 ,4416 ,4612 ,3084 ,3372 ,3516 ,1940 ,1476 ,54960 ,46128 ,28840 ,14916 ,6088 
NN3_104,2148 ,1983,1,12 ,reduced,,,,,,,,,,,,685 ,656 ,1288 ,3914 ,6837 ,7104 ,7464 ,6308 ,5549 ,6365 ,6344 ,5597 ,1178 ,1581 ,1870 ,5230 ,8046 ,7997 ,9216 ,8077 ,6021 ,6399 ,6857 ,3446 ,1544 ,2031 ,2561 ,5166 ,7470 ,6849 ,6968 ,7253 ,6413 ,5854 ,5710 ,4926 ,1300 ,2200 ,2782 ,4708 ,6792 ,6193 ,5647 ,4317 ,4628 ,4658 ,4552 ,4349 ,1642 ,1069 ,2244 ,4551 ,5242 ,6225 ,6175 ,6090 ,6431 ,6769 ,6393 ,6704 ,4632 ,2757 ,2999 ,6150 ,6780 ,6785 ,7229 ,7243 ,6907 ,6673 ,6348 ,7166 ,4162 ,3295 ,3903 ,5996 ,7331 ,6850 ,7178 ,7342 ,6699 ,6642 ,6176 ,5580 ,3401 ,2508 ,3128 ,5936 ,7095 ,7490 ,8205 ,8163 ,7080 ,7521 ,6923 ,6347 ,3169 ,1802 ,2574 ,5016 ,6280 ,6520 ,6658 ,6513 ,6964 ,6508 ,5969 ,6134 ,2851 ,2122 ,2791 ,5516 ,6887 ,7446 ,7158 ,6658 ,6423 ,6351 ,5735 ,5820 ,2966 ,2089 ,2892 ,5992 ,6718 ,9275 ,7163 ,6915 ,6919 ,5870 ,6316 ,6036 ,3021 
NN3_105,1918 ,1981,1,12 ,reduced,5007 ,5165 ,4976 ,4984 ,5105 ,5026 ,4848 ,4963 ,4796 ,5042 ,5028 ,4668 ,4646 ,4912 ,5041 ,5101 ,5143 ,4998 ,5053 ,5024 ,5299 ,4947 ,4872 ,4563 ,4580 ,4909 ,5002 ,5127 ,5060 ,4947 ,4810 ,4589 ,4408 ,4558 ,4509 ,4331 ,4770 ,4926 ,4679 ,4775 ,4707 ,4609 ,4644 ,4641 ,4436 ,4574 ,4503 ,4292 ,4479 ,3930 ,3860 ,4065 ,3741 ,3651 ,3653 ,3532 ,3607 ,3778 ,4019 ,3884 ,3850 ,4042 ,4216 ,4117 ,4232 ,4212 ,4066 ,4148 ,4060 ,4192 ,4249 ,3991 ,4101 ,4216 ,4302 ,4253 ,4269 ,4193 ,4102 ,4250 ,4134 ,4288 ,4384 ,4193 ,4057 ,4235 ,4420 ,4462 ,4464 ,4330 ,4413 ,4323 ,4215 ,4453 ,4484 ,4230 ,4229 ,4363 ,4442 ,4452 ,4455 ,4355 ,4409 ,4387 ,4350 ,4448 ,4492 ,4205 ,4370 ,4489 ,4516 ,4537 ,4441 ,4447 ,4477 ,4368 ,4396 ,4528 ,4554 ,4316 ,4482 ,4719 ,4855 ,4820 ,4704 ,4608 ,4544 ,4451 ,4349 ,4410 ,4564 ,4406 ,4521 ,4858 ,4973 ,4895 ,4815 ,4622 ,4530 ,4541 ,4433 ,4507 ,4665 ,4591 
NN3_106,1987 ,1979,1,12 ,reduced,4950 ,4900 ,5500 ,5550 ,5900 ,5150 ,5700 ,6450 ,4800 ,6300 ,5700 ,4900 ,4900 ,5500 ,5550 ,5200 ,5500 ,4950 ,5900 ,5700 ,5300 ,5550 ,4600 ,5650 ,4950 ,4850 ,5050 ,5500 ,5300 ,5250 ,6100 ,5200 ,6400 ,5700 ,5000 ,5400 ,4250 ,4950 ,5750 ,4600 ,4450 ,5400 ,4600 ,5400 ,4850 ,4100 ,4650 ,4700 ,3900 ,4200 ,5050 ,4250 ,4900 ,5250 ,4250 ,5700 ,4950 ,4200 ,4450 ,4850 ,5600 ,5150 ,5650 ,4850 ,6000 ,5200 ,5400 ,5500 ,4700 ,4900 ,4550 ,4500 ,4950 ,4550 ,5350 ,4900 ,5050 ,5150 ,5300 ,5350 ,4950 ,5150 ,4800 ,4700 ,4450 ,4250 ,4900 ,4850 ,4850 ,5300 ,5600 ,6150 ,5500 ,5550 ,4300 ,4800 ,4650 ,4500 ,4650 ,4800 ,5000 ,5200 ,5500 ,5500 ,5950 ,5500 ,4800 ,5300 ,5000 ,4950 ,5250 ,4900 ,5300 ,5750 ,5400 ,5750 ,5100 ,4550 ,4650 ,5000 ,4350 ,4250 ,5200 ,4600 ,4800 ,5100 ,4950 ,5400 ,5150 ,5250 ,5200 ,4700 ,5150 ,4600 ,4950 ,4700 ,5150 ,5100 ,5300 ,5600 ,5000 ,5350 ,4800 ,4650 
NN3_107,2076 ,1982,1,12 ,reduced,4318 ,4224 ,4014 ,3620 ,3512 ,3590 ,3700 ,3752 ,3866 ,3892 ,3838 ,3936 ,4200 ,4184 ,3708 ,3708 ,3760 ,3708 ,3846 ,3748 ,3836 ,3790 ,3968 ,3756 ,3760 ,3986 ,4096 ,4194 ,4254 ,4130 ,4044 ,3766 ,3930 ,3910 ,4024 ,4158 ,4018 ,3836 ,3764 ,3684 ,3668 ,3770 ,3888 ,3808 ,3794 ,3646 ,3712 ,3848 ,4064 ,4156 ,3724 ,3520 ,3796 ,3956 ,3840 ,3794 ,3970 ,3740 ,3860 ,3928 ,4260 ,4180 ,4144 ,4058 ,3954 ,3890 ,3816 ,3800 ,3868 ,3682 ,3804 ,3822 ,4062 ,4102 ,3928 ,3842 ,3816 ,3534 ,3624 ,3708 ,3692 ,3646 ,3716 ,3840 ,4154 ,4118 ,3824 ,3804 ,3706 ,3602 ,3842 ,3676 ,3750 ,3696 ,3742 ,3582 ,3966 ,4060 ,3748 ,3720 ,3604 ,3548 ,3626 ,3484 ,3792 ,3638 ,3574 ,3648 ,3750 ,3610 ,3462 ,3418 ,3478 ,3574 ,3466 ,3468 ,3586 ,3366 ,3500 ,3666 ,3858 ,3842 ,3668 ,3700 ,3748 ,3790 ,3640 ,3364 ,3400 ,3374 ,3564 ,3582 ,3940 ,4034 ,3776 ,3694 ,3742 ,3700 ,3550 ,3338 ,3428 ,3510 ,3652 ,3750 
NN3_108,2190 ,1983,1,12 ,reduced,,,,,,,,,,,1740 ,1005 ,1793 ,1965 ,2085 ,2440 ,2318 ,2313 ,2668 ,3655 ,2245 ,3000 ,2795 ,3493 ,3098 ,3665 ,6555 ,3040 ,8878 ,3280 ,3203 ,4593 ,2600 ,4803 ,3685 ,3688 ,2615 ,3070 ,2598 ,2618 ,2500 ,2685 ,2500 ,3693 ,1178 ,2923 ,2788 ,2090 ,2735 ,2855 ,3225 ,2218 ,2060 ,1965 ,1755 ,2465 ,2433 ,2465 ,2385 ,2458 ,2038 ,2538 ,2165 ,4390 ,3045 ,2283 ,2838 ,3463 ,2410 ,3358 ,3678 ,2383 ,3128 ,2885 ,4093 ,7223 ,3398 ,3900 ,3085 ,2343 ,4533 ,3503 ,3193 ,3350 ,3495 ,4488 ,2868 ,4093 ,2878 ,3543 ,5508 ,3005 ,2775 ,2388 ,3008 ,3913 ,3383 ,4130 ,3433 ,3833 ,4375 ,2413 ,2760 ,4285 ,3305 ,5885 ,3490 ,2945 ,2595 ,2863 ,2170 ,2098 ,2383 ,5468 ,3538 ,3440 ,3458 ,2963 ,2943 ,2833 ,2970 ,3075 ,2490 ,3298 ,2538 ,3438 ,3558 ,4388 ,1950 ,2818 ,2423 ,3538 ,4465 ,4835 ,2595 ,3910 ,5638 ,3673 ,3870 ,5748 ,3363 ,4505 ,4520 ,4888 
NN3_109,2057 ,1980,1,12 ,reduced,,,,6318 ,5991 ,6405 ,6230 ,6111 ,5317 ,4893 ,4867 ,4785 ,5099 ,5142 ,5335 ,5450 ,5161 ,5516 ,4850 ,4250 ,4451 ,5442 ,5426 ,5329 ,5150 ,5030 ,4833 ,4437 ,4334 ,4165 ,3704 ,3616 ,3476 ,3118 ,3056 ,2922 ,2755 ,2691 ,2586 ,2810 ,2740 ,2565 ,3204 ,3149 ,2732 ,3267 ,3250 ,3194 ,3304 ,3332 ,3458 ,3787 ,3588 ,3839 ,4177 ,4097 ,3561 ,3636 ,3618 ,3555 ,3315 ,3344 ,3470 ,3461 ,3280 ,3508 ,3849 ,3776 ,3281 ,3434 ,3417 ,3358 ,3163 ,3190 ,3311 ,3505 ,3322 ,3553 ,3599 ,3531 ,3069 ,2589 ,2576 ,2532 ,2519 ,2541 ,2637 ,2641 ,2502 ,2677 ,3294 ,3232 ,2809 ,3263 ,3246 ,3190 ,3295 ,3323 ,3449 ,3462 ,3294 ,3592 ,3505 ,3682 ,3350 ,3601 ,3414 ,3457 ,3545 ,3399 ,3564 ,3568 ,3295 ,3722 ,3613 ,3525 ,3368 ,3527 ,3336 ,3320 ,3599 ,3301 ,3195 ,3354 ,3025 ,3369 ,3357 ,3501 ,3331 ,3275 ,3397 ,3276 ,3450 ,3351 ,3139 ,3031 ,2566 ,2985 ,2675 ,2710 ,2690 ,2929 ,2916 ,2932 
NN3_110,2093 ,1978,1,12 ,reduced,2605 ,2510 ,3520 ,3200 ,2550 ,2640 ,2280 ,2620 ,1940 ,1415 ,1775 ,2320 ,2585 ,2885 ,2870 ,3010 ,2710 ,3070 ,2050 ,2315 ,2140 ,1950 ,3150 ,4510 ,3685 ,5125 ,5750 ,4580 ,4555 ,3430 ,2700 ,2010 ,1965 ,1185 ,2180 ,2705 ,3345 ,11760 ,3665 ,2490 ,2290 ,1600 ,1320 ,4950 ,1305 ,1310 ,2390 ,3685 ,3265 ,3770 ,4365 ,3380 ,2420 ,2490 ,1980 ,1710 ,1755 ,1465 ,1910 ,1885 ,2190 ,1840 ,2435 ,3060 ,2320 ,4155 ,2045 ,1915 ,1610 ,1305 ,2205 ,3160 ,3315 ,3595 ,4480 ,3615 ,3035 ,2110 ,1825 ,2260 ,1320 ,1460 ,2420 ,3145 ,3965 ,3830 ,3125 ,2720 ,2130 ,1765 ,1260 ,965 ,935 ,1035 ,1115 ,935 ,1980 ,900 ,880 ,815 ,380 ,275 ,105 ,1305 ,1730 ,1570 ,2645 ,15745 ,2145 ,2495 ,2975 ,2645 ,2560 ,2110 ,2000 ,1975 ,1475 ,1730 ,2900 ,3405 ,3130 ,3490 ,3675 ,2705 ,2440 ,2615 ,1515 ,1245 ,1245 ,1120 ,1895 ,3160 ,2240 ,3420 ,3095 ,3050 ,3360 ,1165 ,4250 ,2400 ,2330 ,2475 ,2480 ,3250 
NN3_111,2097 ,1978,1,12 ,reduced,3140 ,3270 ,3690 ,4360 ,3520 ,4140 ,3440 ,3750 ,4140 ,5610 ,5350 ,4270 ,3160 ,2560 ,3410 ,3670 ,3670 ,3200 ,3700 ,3430 ,4130 ,4870 ,6310 ,4680 ,2380 ,3430 ,2950 ,3130 ,3650 ,2980 ,3720 ,2960 ,4300 ,5550 ,4380 ,3620 ,3350 ,3300 ,3800 ,3420 ,3860 ,2900 ,3240 ,3150 ,4460 ,5040 ,4660 ,3450 ,2660 ,2400 ,2200 ,3020 ,3450 ,4110 ,2760 ,3390 ,3740 ,4830 ,4450 ,3140 ,4700 ,2330 ,2740 ,2480 ,2690 ,5850 ,2450 ,3720 ,2780 ,5690 ,4150 ,4460 ,2730 ,3580 ,2870 ,4210 ,4500 ,3560 ,3800 ,3260 ,3410 ,3860 ,5000 ,3840 ,3210 ,2930 ,3630 ,2760 ,3310 ,4320 ,3010 ,3440 ,5100 ,4170 ,4540 ,3410 ,2590 ,2640 ,2970 ,3000 ,2900 ,3010 ,3380 ,3060 ,3100 ,3940 ,5360 ,3280 ,3190 ,4950 ,2910 ,2820 ,3050 ,2930 ,2800 ,3220 ,3120 ,4000 ,4840 ,2630 ,2920 ,2350 ,2850 ,2700 ,2870 ,2580 ,2450 ,2950 ,3350 ,4450 ,4210 ,2650 ,2414 ,2823 ,2444 ,2666 ,3052 ,2397 ,2463 ,3385 ,3290 ,5408 ,4000 ,2513 
